Country,Methodology,Total Quota,Length,Incidence,CPU,Language,Max Feasibility,Internet Penetration,Recommended % Online,Translation with Edit,Comment One,Comment Two,Comment Three
Argentina,Online ,500,15,0.6,6,Spanish,,0.595,75% Online/25% CAWI,1650,,,
Argentina,Online ,500,30,0.6,9,Spanish,,0.595,75% Online/25% CAWI,3300,,,
Australia,Online,200,10,0.2,15,English,,0.888,100% Online,500,,,
Australia,Online,200,10,0.35,13,English,,0.888,100% Online,500,,,
Australia,Online,200,15,0.1,22,English,,0.888,100% Online,500,,,
Australia,Online,200,15,0.2,15.5,English,,0.888,100% Online,500,,,
Australia,Online,200,15,0.25,15.25,English,,0.888,100% Online,500,,,
Australia,Online,200,15,0.35,13.5,English,,0.888,100% Online,500,,,
Australia,Online,200,15,0.5,7.75,English,,0.888,100% Online,500,,,
Australia,Online,200,15,0.55,4.6,English,,0.888,100% Online,500,,,
Australia,Online,200,15,0.75,5.6,English,,0.888,100% Online,500,,,
Australia,Online,200,20,0.1,22.75,English,,0.888,100% Online,500,,,
Australia,Online,200,20,0.25,16.75,English,,0.888,100% Online,500,,,
Australia,Online,200,20,0.5,8.5,English,,0.888,100% Online,500,,,
Australia,Online,200,20,0.75,6.35,English,,0.888,100% Online,500,,,
Australia,Online,200,25,0.1,23.5,English,,0.888,100% Online,500,,,
Australia,Online,200,25,0.25,17.7,English,,0.888,100% Online,500,,,
Australia,Online,200,25,0.5,9.25,English,,0.888,100% Online,500,,,
Australia,Online,200,25,0.75,7.1,English,,0.888,100% Online,500,,,
Australia,Online,200,30,0.1,25,English,,0.888,100% Online,500,,,
Australia,Online,200,30,0.25,19.2,English,,0.888,100% Online,500,,,
Australia,Online,200,30,0.5,10.75,English,,0.888,100% Online,500,,,
Australia,Online,200,30,0.75,8.35,English,,0.888,100% Online,500,,,
Australia,Online,500,15,0.1,21.75,English,,0.888,100% Online,500,,,
Australia,Online,500,15,0.25,15,English,,0.888,100% Online,500,,,
Australia,Online,500,15,0.5,7.5,English,,0.888,100% Online,500,,,
Australia,Online,500,15,0.75,5.35,English,,0.888,100% Online,500,,,
Australia,Online,500,20,0.1,22.5,English,,0.888,100% Online,500,,,
Australia,Online,500,20,0.25,16.5,English,,0.888,100% Online,500,,,
Australia,Online,500,20,0.5,8.25,English,,0.888,100% Online,500,,,
Australia,Online,500,20,0.75,6.15,English,,0.888,100% Online,500,,,
Australia,Online,500,25,0.1,23.25,English,,0.888,100% Online,500,,,
Australia,Online,500,25,0.25,17.25,English,,0.888,100% Online,500,,,
Australia,Online,500,25,0.5,9,English,,0.888,100% Online,500,,,
Australia,Online,500,25,0.75,6.9,English,,0.888,100% Online,500,,,
Australia,Online,500,30,0.1,24.75,English,,0.888,100% Online,500,,,
Australia,Online,500,30,0.25,18.75,English,,0.888,100% Online,500,,,
Australia,Online,500,30,0.5,10.5,English,,0.888,100% Online,500,,,
Australia,Online,500,30,0.75,8.4,English,,0.888,100% Online,500,,,
Australia,Online,1000,15,0.1,21.5,English,,0.888,100% Online,500,,,
Australia,Online,1000,15,0.25,14.75,English,,0.888,100% Online,500,,,
Australia,Online,1000,15,0.5,7.25,English,,0.888,100% Online,500,,,
Australia,Online,1000,15,0.75,5,English,,0.888,100% Online,500,,,
Australia,Online,1000,20,0.1,22.25,English,,0.888,100% Online,500,,,
Australia,Online,1000,20,0.25,16.25,English,,0.888,100% Online,500,,,
Australia,Online,1000,20,0.5,8,English,,0.888,100% Online,500,,,
Australia,Online,1000,20,0.75,5.9,English,,0.888,100% Online,500,,,
Australia,Online,1000,25,0.1,23,English,,0.888,100% Online,500,,,
Australia,Online,1000,25,0.25,17,English,,0.888,100% Online,500,,,
Australia,Online,1000,25,0.5,8.75,English,,0.888,100% Online,500,,,
Australia,Online,1000,25,0.75,6.65,English,,0.888,100% Online,500,,,
Australia,Online,1000,30,0.1,24.5,English,,0.888,100% Online,500,,,
Australia,Online,1000,30,0.25,18.5,English,,0.888,100% Online,500,,,
Australia,Online,1000,30,0.5,10.25,English,,0.888,100% Online,500,,,
Australia,Online,1000,30,0.75,8.05,English,,0.888,100% Online,500,,,
Australia,Online,1500+,15,0.1,21.25,English,,0.888,100% Online,500,,,
Australia,Online,1500+,15,0.25,14.5,English,,0.888,100% Online,500,,,
Australia,Online,1500+,15,0.5,7,English,,0.888,100% Online,500,,,
Australia,Online,1500+,15,0.75,5,English,,0.888,100% Online,500,,,
Australia,Online,1500+,20,0.1,22,English,,0.888,100% Online,500,,,
Australia,Online,1500+,20,0.2,16.25,English,,0.888,100% Online,500,,,
Australia,Online,1500+,20,0.25,16,English,,0.888,100% Online,500,,,
Australia,Online,1500+,20,0.5,7.75,English,,0.888,100% Online,500,,,
Australia,Online,1500+,20,0.75,5.65,English,,0.888,100% Online,500,,,
Australia,Online,1500+,25,0.1,22.75,English,,0.888,100% Online,500,,,
Australia,Online,1500+,25,0.25,16.75,English,,0.888,100% Online,500,,,
Australia,Online,1500+,25,0.5,8.5,English,,0.888,100% Online,500,,,
Australia,Online,1500+,25,0.75,6.4,English,,0.888,100% Online,500,,,
Australia,Online,1500+,30,0.1,24.25,English,,0.888,100% Online,500,,,
Australia,Online,1500+,30,0.25,18.25,English,,0.888,100% Online,500,,,
Australia,Online,1500+,30,0.5,9,English,,0.888,100% Online,500,,,
Australia,Online,1500+,30,0.75,7.9,English,,0.888,100% Online,500,,,
Brazil,Online,200,10,0.2,9.25,Portuguese,,0.456,75% Online/25% CAWI,1650,,,
Brazil,Online,200,10,0.35,7.25,Portuguese,,0.456,75% Online/25% CAWI,1650,,,
Brazil,Online,200,15,0.1,11.25,Portuguese,,0.456,75% Online/25% CAWI,1650,,,
Brazil,Online,200,15,0.2,9.25,Portuguese,,0.456,75% Online/25% CAWI,1650,,,
Brazil,Online,200,15,0.25,9,Portuguese,,0.456,75% Online/25% CAWI,1650,,,
Brazil,Online,200,15,0.35,7.75,Portuguese,,0.456,75% Online/25% CAWI,1650,,,
Brazil,Online,200,15,0.5,5,Portuguese,,0.456,75% Online/25% CAWI,1650,,,
Brazil,Online,200,15,0.55,4.75,Portuguese,,0.456,75% Online/25% CAWI,1650,,,
Brazil,Online,200,15,0.75,4,Portuguese,,0.456,75% Online/25% CAWI,1650,,,
Brazil,Online,200,20,0.1,12,Portuguese,,0.456,75% Online/25% CAWI,2200,,,
Brazil,Online,200,20,0.25,9.75,Portuguese,,0.456,75% Online/25% CAWI,2200,,,
Brazil,Online,200,20,0.5,5.75,Portuguese,,0.456,75% Online/25% CAWI,2200,,,
Brazil,Online,200,20,0.75,5.5,Portuguese,,0.456,75% Online/25% CAWI,2200,,,
Brazil,Online,200,25,0.1,12.75,Portuguese,,0.456,75% Online/25% CAWI,2750,,,
Brazil,Online,200,25,0.25,10.5,Portuguese,,0.456,75% Online/25% CAWI,2750,,,
Brazil,Online,200,25,0.5,6.5,Portuguese,,0.456,75% Online/25% CAWI,2750,,,
Brazil,Online,200,25,0.75,6.25,Portuguese,,0.456,75% Online/25% CAWI,2750,,,
Brazil,Online,200,30,0.1,14.25,Portuguese,,0.456,75% Online/25% CAWI,3300,,,
Brazil,Online,200,30,0.25,12,Portuguese,,0.456,75% Online/25% CAWI,3300,,,
Brazil,Online,200,30,0.5,8,Portuguese,,0.456,75% Online/25% CAWI,3300,,,
Brazil,Online,200,30,0.75,7,Portuguese,,0.456,75% Online/25% CAWI,3300,,,
Brazil,Online,400,20,0.1,11.75,Portuguese,,0.456,75% Online/25% CAWI,2200,,,
Brazil,Online,400,20,0.3,7.25,Portuguese,,0.456,75% Online/25% CAWI,2200,,,
Brazil,Online,400,20,0.65,5.25,Portuguese,,0.456,75% Online/25% CAWI,2200,,,
Brazil,Online,500,15,0.1,11,Portuguese,,0.456,75% Online/25% CAWI,1650,,,
Brazil,Online,500,15,0.25,8.75,Portuguese,,0.456,75% Online/25% CAWI,1650,,,
Brazil,Online,500,15,0.5,4.75,Portuguese,,0.456,75% Online/25% CAWI,1650,,,
Brazil,Online,500,15,0.75,4,Portuguese,,0.456,75% Online/25% CAWI,1650,,,
Brazil,Online,500,20,0.1,11.75,Portuguese,,0.456,75% Online/25% CAWI,2200,,,
Brazil,Online,500,20,0.25,9.5,Portuguese,,0.456,75% Online/25% CAWI,2200,,,
Brazil,Online,500,20,0.5,5.5,Portuguese,,0.456,75% Online/25% CAWI,2200,,,
Brazil,Online,500,20,0.75,5,Portuguese,,0.456,75% Online/25% CAWI,2200,,,
Brazil,Online,500,25,0.1,12.5,Portuguese,,0.456,75% Online/25% CAWI,2750,,,
Brazil,Online,500,25,0.25,10.25,Portuguese,,0.456,75% Online/25% CAWI,2750,,,
Brazil,Online,500,25,0.5,6.25,Portuguese,,0.456,75% Online/25% CAWI,2750,,,
Brazil,Online,500,25,0.75,6,Portuguese,,0.456,75% Online/25% CAWI,2750,,,
Brazil,Online,500,30,0.1,14,Portuguese,,0.456,75% Online/25% CAWI,3300,,,
Brazil,Online,500,30,0.25,11.75,Portuguese,,0.456,75% Online/25% CAWI,3300,,,
Brazil,Online,500,30,0.5,7.75,Portuguese,,0.456,75% Online/25% CAWI,3300,,,
Brazil,Online,500,30,0.75,6.75,Portuguese,,0.456,75% Online/25% CAWI,3300,,,
Brazil,Online,600,25,0.8,5.5,Portuguese,,0.456,75% Online/25% CAWI,2750,,,
Brazil,Online,600,30,0.8,6,Portuguese,,0.456,75% Online/25% CAWI,3300,,,
Brazil,Online,900,40,0.65,9,Portuguese,,0.456,75% Online/25% CAWI,4400,,,
Brazil,Online,1000,15,0.1,10.75,Portuguese,,0.456,75% Online/25% CAWI,1650,,,
Brazil,Online,1000,15,0.25,8.5,Portuguese,,0.456,75% Online/25% CAWI,1650,,,
Brazil,Online,1000,15,0.5,4.5,Portuguese,,0.456,75% Online/25% CAWI,1650,,,
Brazil,Online,1000,15,0.75,4,Portuguese,,0.456,75% Online/25% CAWI,1650,,,
Brazil,Online,1000,20,0.1,11.5,Portuguese,,0.456,75% Online/25% CAWI,2200,,,
Brazil,Online,1000,20,0.25,9.25,Portuguese,,0.456,75% Online/25% CAWI,2200,,,
Brazil,Online,1000,20,0.5,5.25,Portuguese,,0.456,75% Online/25% CAWI,2200,,,
Brazil,Online,1000,20,0.75,4.75,Portuguese,,0.456,75% Online/25% CAWI,2200,,,
Brazil,Online,1000,25,0.1,12.25,Portuguese,,0.456,75% Online/25% CAWI,2750,,,
Brazil,Online,1000,25,0.25,10,Portuguese,,0.456,75% Online/25% CAWI,2750,,,
Brazil,Online,1000,25,0.5,6,Portuguese,,0.456,75% Online/25% CAWI,2750,,,
Brazil,Online,1000,25,0.75,5.75,Portuguese,,0.456,75% Online/25% CAWI,2750,,,
Brazil,Online,1000,30,0.1,13.75,Portuguese,,0.456,75% Online/25% CAWI,3300,,,
Brazil,Online,1000,30,0.25,11.5,Portuguese,,0.456,75% Online/25% CAWI,3300,,,
Brazil,Online,1000,30,0.5,7.5,Portuguese,,0.456,75% Online/25% CAWI,3300,,,
Brazil,Online,1000,30,0.75,6.5,Portuguese,,0.456,75% Online/25% CAWI,3300,,,
Brazil,Online,1500+,15,0.1,10.5,Portuguese,,0.456,75% Online/25% CAWI,1650,,,
Brazil,Online,1500+,15,0.25,8.25,Portuguese,,0.456,75% Online/25% CAWI,1650,,,
Brazil,Online,1500+,15,0.5,4.25,Portuguese,,0.456,75% Online/25% CAWI,1650,,,
Brazil,Online,1500+,15,0.75,4,Portuguese,,0.456,75% Online/25% CAWI,1650,,,
Brazil,Online,1500+,20,0.1,11.25,Portuguese,,0.456,75% Online/25% CAWI,2200,,,
Brazil,Online,1500+,20,0.25,9,Portuguese,,0.456,75% Online/25% CAWI,2200,,,
Brazil,Online,1500+,20,0.5,5,Portuguese,,0.456,75% Online/25% CAWI,2200,,,
Brazil,Online,1500+,20,0.75,4.5,Portuguese,,0.456,75% Online/25% CAWI,2200,,,
Brazil,Online,1500+,25,0.1,12,Portuguese,,0.456,75% Online/25% CAWI,2750,,,
Brazil,Online,1500+,25,0.25,9.75,Portuguese,,0.456,75% Online/25% CAWI,2750,,,
Brazil,Online,1500+,25,0.5,5.75,Portuguese,,0.456,75% Online/25% CAWI,2750,,,
Brazil,Online,1500+,25,0.75,5.5,Portuguese,,0.456,75% Online/25% CAWI,2750,,,
Brazil,Online,1500+,30,0.1,13.5,Portuguese,,0.456,75% Online/25% CAWI,3300,,,
Brazil,Online,1500+,30,0.25,11.25,Portuguese,,0.456,75% Online/25% CAWI,3300,,,
Brazil,Online,1500+,30,0.5,7.25,Portuguese,,0.456,75% Online/25% CAWI,3300,,,
Brazil,Online,1500+,30,0.62,7.25,Portuguese,,0.456,75% Online/25% CAWI,3300,,,
Brazil,Online,1500+,30,0.75,6.25,Portuguese,,0.456,75% Online/25% CAWI,3300,,,
Brazil,Online,1500+,40,0.65,7.5,Portuguese,,0.456,75% Online/25% CAWI,4400,,,
Brazil,Online,1500+,60,0.85,13.5,Portuguese,,0.456,75% Online/25% CAWI,6600,,,
Canada,Online,200,10,0.2,8.75,English/French,,0.83,100% Online,$0/$1025,,,
Canada,Online,200,10,0.35,6.75,English/French,,0.83,100% Online,$0/$1025,,,
Canada,Online,200,15,0.1,12.5,English/French,,0.83,100% Online,$0/$1530,,,
Canada,Online,200,15,0.2,9.25,English/French,,0.83,100% Online,$0/$1530,,,
Canada,Online,200,15,0.25,9,English/French,,0.83,100% Online,$0/$1530,,,
Canada,Online,200,15,0.35,7.25,English/French,,0.83,100% Online,$0/$1530,,,
Canada,Online,200,15,0.5,6.5,English/French,,0.83,100% Online,$0/$1530,,,
Canada,Online,200,15,0.75,5.25,English/French,,0.83,100% Online,$0/$1530,,,
Canada,Online,200,20,0.1,13.25,English/French,,0.83,100% Online,$0/$2040,,,
Canada,Online,200,20,0.25,10,English/French,,0.83,100% Online,$0/$2040,,,
Canada,Online,200,20,0.5,7.25,English/French,,0.83,100% Online,$0/$2040,,,
Canada,Online,200,20,0.75,6,English/French,,0.83,100% Online,$0/$2040,,,
Canada,Online,200,25,0.1,14,English/French,,0.83,100% Online,$0/$2550,,,
Canada,Online,200,25,0.25,10.75,English/French,,0.83,100% Online,$0/$2550,,,
Canada,Online,200,25,0.5,8,English/French,,0.83,100% Online,$0/$2550,,,
Canada,Online,200,25,0.75,6.75,English/French,,0.83,100% Online,$0/$2550,,,
Canada,Online,200,30,0.1,15.5,English/French,,0.83,100% Online,$0/$3060,,,
Canada,Online,200,30,0.25,12.25,English/French,,0.83,100% Online,$0/$3060,,,
Canada,Online,200,30,0.5,9.5,English/French,,0.83,100% Online,$0/$3060,,,
Canada,Online,200,30,0.75,8.25,English/French,,0.83,100% Online,$0/$3060,,,
Canada,Online,325,10,0.1,7.75,English/French,,0.83,100% Online,$0/$1530,,,
Canada,Online,325,30,0.5,16,English/French,,0.83,100% Online,$0/$3060,,,
Canada,Online,325,35,0.5,21,English/French,,0.83,100% Online,"$0/$3,850",,,
Canada,Online,325,45,0.5,29,English/French,,0.83,100% Online,"$0/$4,950",,,
Canada,Online,500,15,0.1,12.25,English/French,,0.83,100% Online,$0/$1530,,,
Canada,Online,500,15,0.25,8.75,English/French,,0.83,100% Online,$0/$1530,,,
Canada,Online,500,15,0.5,6.25,English/French,,0.83,100% Online,$0/$1530,,,
Canada,Online,500,15,0.75,5,English/French,,0.83,100% Online,$0/$1530,,,
Canada,Online,500,20,0.1,13,English/French,,0.83,100% Online,$0/$2040,,,
Canada,Online,500,20,0.25,9.75,English/French,,0.83,100% Online,$0/$2040,,,
Canada,Online,500,20,0.5,7,English/French,,0.83,100% Online,$0/$2040,,,
Canada,Online,500,20,0.75,5.75,English/French,,0.83,100% Online,$0/$2040,,,
Canada,Online,500,25,0.1,13.75,English/French,,0.83,100% Online,$0/$2550,,,
Canada,Online,500,25,0.25,10.5,English/French,,0.83,100% Online,$0/$2550,,,
Canada,Online,500,25,0.5,7.75,English/French,,0.83,100% Online,$0/$2550,,,
Canada,Online,500,25,0.75,6.5,English/French,,0.83,100% Online,$0/$2550,,,
Canada,Online,500,30,0.1,15.25,English/French,,0.83,100% Online,$0/$3060,,,
Canada,Online,500,30,0.25,12,English/French,,0.83,100% Online,$0/$3060,,,
Canada,Online,500,30,0.5,9.25,English/French,,0.83,100% Online,$0/$3060,,,
Canada,Online,500,30,0.75,8,English/French,,0.83,100% Online,$0/$3060,,,
Canada,Online,1000,15,0.1,12,English/French,,0.83,100% Online,$0/$1530,,,
Canada,Online,1000,15,0.25,8.5,English/French,,0.83,100% Online,$0/$1530,,,
Canada,Online,1000,15,0.5,6,English/French,,0.83,100% Online,$0/$1530,,,
Canada,Online,1000,15,0.75,4.75,English/French,,0.83,100% Online,$0/$1530,,,
Canada,Online,1000,20,0.1,12.75,English/French,,0.83,100% Online,$0/$2040,,,
Canada,Online,1000,20,0.25,9.5,English/French,,0.83,100% Online,$0/$2040,,,
Canada,Online,1000,20,0.5,6.75,English/French,,0.83,100% Online,$0/$2040,,,
Canada,Online,1000,20,0.75,5.5,English/French,,0.83,100% Online,$0/$2040,,,
Canada,Online,1000,25,0.1,13.5,English/French,,0.83,100% Online,$0/$2550,,,
Canada,Online,1000,25,0.25,10.25,English/French,,0.83,100% Online,$0/$2550,,,
Canada,Online,1000,25,0.5,7.5,English/French,,0.83,100% Online,$0/$2550,,,
Canada,Online,1000,25,0.75,6.25,English/French,,0.83,100% Online,$0/$2550,,,
Canada,Online,1000,30,0.1,15,English/French,,0.83,100% Online,$0/$3060,,,
Canada,Online,1000,30,0.25,11.75,English/French,,0.83,100% Online,$0/$3060,,,
Canada,Online,1000,30,0.5,9,English/French,,0.83,100% Online,$0/$3060,,,
Canada,Online,1000,30,0.75,7.75,English/French,,0.83,100% Online,$0/$3060,,,
Canada,Online,1500+,15,0.1,11.75,English/French,,0.83,100% Online,$0/$1530,,,
Canada,Online,1500+,15,0.25,8.25,English/French,,0.83,100% Online,$0/$1530,,,
Canada,Online,1500+,15,0.5,5.75,English/French,,0.83,100% Online,$0/$1530,,,
Canada,Online,1500+,15,0.75,4.5,English/French,,0.83,100% Online,$0/$1530,,,
Canada,Online,1500+,20,0.1,12.5,English/French,,0.83,100% Online,$0/$2040,,,
Canada,Online,1500+,20,0.25,9.25,English/French,,0.83,100% Online,$0/$2040,,,
Canada,Online,1500+,20,0.5,6.5,English/French,,0.83,100% Online,$0/$2040,,,
Canada,Online,1500+,20,0.75,5.25,English/French,,0.83,100% Online,$0/$2040,,,
Canada,Online,1500+,25,0.1,13.25,English/French,,0.83,100% Online,$0/$2550,,,
Canada,Online,1500+,25,0.25,10,English/French,,0.83,100% Online,$0/$2550,,,
Canada,Online,1500+,25,0.5,7.25,English/French,,0.83,100% Online,$0/$2550,,,
Canada,Online,1500+,25,0.75,6,English/French,,0.83,100% Online,$0/$2550,,,
Canada,Online,1500+,30,0.1,14.75,English/French,,0.83,100% Online,$0/$3060,,,
Canada,Online,1500+,30,0.25,11.5,English/French,,0.83,100% Online,$0/$3060,,,
Canada,Online,1500+,30,0.5,8.75,English/French,,0.83,100% Online,$0/$3060,,,
Canada,Online,1500+,30,0.75,7.5,English/French,,0.83,100% Online,$0/$3060,,,
China,Online,200,10,0.2,9.25,Mandarin,,0.401,75% Online/25% CAWI,1425,,,
China,Online,200,10,0.35,7.25,Mandarin,,0.401,75% Online/25% CAWI,1425,,,
China,Online,200,15,0.1,13.5,Mandarin,,0.401,75% Online/25% CAWI,2130,,,
China,Online,200,15,0.2,9.75,Mandarin,,0.401,75% Online/25% CAWI,2130,,,
China,Online,200,15,0.25,9.5,Mandarin,,0.401,75% Online/25% CAWI,2130,,,
China,Online,200,15,0.35,7.75,Mandarin,,0.401,75% Online/25% CAWI,2130,,,
China,Online,200,15,0.5,5.5,Mandarin,,0.401,75% Online/25% CAWI,2130,,,
China,Online,200,15,0.55,4.6,Mandarin,,0.401,75% Online/25% CAWI,2130,,,
China,Online,200,15,0.75,4,Mandarin,,0.401,75% Online/25% CAWI,2130,,,
China,Online,200,20,0.1,14.25,Mandarin,,0.401,75% Online/25% CAWI,2840,,,
China,Online,200,20,0.25,10.25,Mandarin,,0.401,75% Online/25% CAWI,2840,,,
China,Online,200,20,0.5,6.25,Mandarin,,0.401,75% Online/25% CAWI,2840,,,
China,Online,200,20,0.75,4.65,Mandarin,,0.401,75% Online/25% CAWI,2840,,,
China,Online,200,25,0.1,15,Mandarin,,0.401,75% Online/25% CAWI,3550,,,
China,Online,200,25,0.25,11,Mandarin,,0.401,75% Online/25% CAWI,3550,,,
China,Online,200,25,0.5,7,Mandarin,,0.401,75% Online/25% CAWI,3550,,,
China,Online,200,25,0.75,5.4,Mandarin,,0.401,75% Online/25% CAWI,3550,,,
China,Online,200,30,0.1,16.5,Mandarin,,0.401,75% Online/25% CAWI,4260,,,
China,Online,200,30,0.25,12.5,Mandarin,,0.401,75% Online/25% CAWI,4260,,,
China,Online,200,30,0.5,8.5,Mandarin,,0.401,75% Online/25% CAWI,4260,,,
China,Online,200,30,0.75,6.15,Mandarin,,0.401,75% Online/25% CAWI,4260,,,
China,Online ,350,30,0.2,5.5,Mandarin,,0.401,75% Online/25% CAWI,4260,,,
China,Online ,350,30,0.25,6,Mandarin,,0.401,75% Online/25% CAWI,4260,,,
China,Online,500,15,0.1,13.25,Mandarin,,0.401,75% Online/25% CAWI,2130,,,
China,Online,500,15,0.25,9.25,Mandarin,,0.401,75% Online/25% CAWI,2130,,,
China,Online,500,15,0.5,5.25,Mandarin,,0.401,75% Online/25% CAWI,2130,,,
China,Online,500,15,0.75,4,Mandarin,,0.401,75% Online/25% CAWI,2130,,,
China,Online,500,20,0.1,14,Mandarin,,0.401,75% Online/25% CAWI,2840,,,
China,Online,500,20,0.25,10,Mandarin,,0.401,75% Online/25% CAWI,2840,,,
China,Online,500,20,0.5,6,Mandarin,,0.401,75% Online/25% CAWI,2840,,,
China,Online,500,20,0.75,4.4,Mandarin,,0.401,75% Online/25% CAWI,2840,,,
China,Online,500,25,0.1,14.75,Mandarin,,0.401,75% Online/25% CAWI,3550,,,
China,Online,500,25,0.25,10.75,Mandarin,,0.401,75% Online/25% CAWI,3550,,,
China,Online,500,25,0.5,6.75,Mandarin,,0.401,75% Online/25% CAWI,3550,,,
China,Online,500,25,0.75,5.15,Mandarin,,0.401,75% Online/25% CAWI,3550,,,
China,Online,500,30,0.1,16.25,Mandarin,,0.401,75% Online/25% CAWI,4260,,,
China,Online,500,30,0.25,12.25,Mandarin,,0.401,75% Online/25% CAWI,4260,,,
China,Online,500,30,0.5,8.25,Mandarin,,0.401,75% Online/25% CAWI,4260,,,
China,Online,500,30,0.75,5.9,Mandarin,,0.401,75% Online/25% CAWI,4260,,,
China,Online,750,18,0.15,13,Mandarin,,0.401,75% Online/25% CAWI,2500,,,
China,Online,800,5,0.1,15,Mandarin,,0.401,75% Online/25% CAWI,725,,,
China,Online,800,5,0.15,12,Mandarin,,0.401,75% Online/25% CAWI,725,,,
China,Online,1000,15,0.1,13,Mandarin,,0.401,75% Online/25% CAWI,2130,,,
China,Online,1000,15,0.25,9,Mandarin,,0.401,75% Online/25% CAWI,2130,,,
China,Online,1000,15,0.5,5,Mandarin,,0.401,75% Online/25% CAWI,2130,,,
China,Online,1000,15,0.75,4,Mandarin,,0.401,75% Online/25% CAWI,2130,,,
China,Online,1000,20,0.1,13.75,Mandarin,,0.401,75% Online/25% CAWI,2840,,,
China,Online,1000,20,0.25,9.75,Mandarin,,0.401,75% Online/25% CAWI,2840,,,
China,Online,1000,20,0.5,5.75,Mandarin,,0.401,75% Online/25% CAWI,2840,,,
China,Online,1000,20,0.75,4.15,Mandarin,,0.401,75% Online/25% CAWI,2840,,,
China,Online,1000,25,0.1,14.5,Mandarin,,0.401,75% Online/25% CAWI,3550,,,
China,Online,1000,25,0.25,10.5,Mandarin,,0.401,75% Online/25% CAWI,3550,,,
China,Online,1000,25,0.5,6.5,Mandarin,,0.401,75% Online/25% CAWI,3550,,,
China,Online,1000,25,0.75,4.9,Mandarin,,0.401,75% Online/25% CAWI,3550,,,
China,Online,1000,30,0.1,16,Mandarin,,0.401,75% Online/25% CAWI,4260,,,
China,Online,1000,30,0.25,12,Mandarin,,0.401,75% Online/25% CAWI,4260,,,
China,Online,1000,30,0.5,8,Mandarin,,0.401,75% Online/25% CAWI,4260,,,
China,Online,1000,30,0.75,5.65,Mandarin,,0.401,75% Online/25% CAWI,4260,,,
China,Online,1500+,15,0.1,12.75,Mandarin,,0.401,75% Online/25% CAWI,2130,,,
China,Online,1500+,15,0.25,8.75,Mandarin,,0.401,75% Online/25% CAWI,2130,,,
China,Online,1500+,15,0.5,4.75,Mandarin,,0.401,75% Online/25% CAWI,2130,,,
China,Online,1500+,15,0.75,4,Mandarin,,0.401,75% Online/25% CAWI,2130,,,
China,Online,1500+,20,0.1,13.5,Mandarin,,0.401,75% Online/25% CAWI,2840,,,
China,Online,1500+,20,0.25,9.5,Mandarin,,0.401,75% Online/25% CAWI,2840,,,
China,Online,1500+,20,0.5,5.5,Mandarin,,0.401,75% Online/25% CAWI,2840,,,
China,Online,1500+,20,0.75,4,Mandarin,,0.401,75% Online/25% CAWI,2840,,,
China,Online,1500+,25,0.1,14.25,Mandarin,,0.401,75% Online/25% CAWI,3550,,,
China,Online,1500+,25,0.25,10.25,Mandarin,,0.401,75% Online/25% CAWI,3550,,,
China,Online,1500+,25,0.5,6.25,Mandarin,,0.401,75% Online/25% CAWI,3550,,,
China,Online,1500+,25,0.75,4.65,Mandarin,,0.401,75% Online/25% CAWI,3550,,,
China,Online,1500+,30,0.1,15.75,Mandarin,,0.401,75% Online/25% CAWI,4260,,,
China,Online,1500+,30,0.25,11.75,Mandarin,,0.401,75% Online/25% CAWI,4260,,,
China,Online,1500+,30,0.5,7.75,Mandarin,,0.401,75% Online/25% CAWI,4260,,,
China,Online,1500+,30,0.75,5.4,Mandarin,,0.401,75% Online/25% CAWI,4260,,,
Colombia,Online ,500,15,0.6,6,Spanish,,0.595,75% Online/25% CAWI,1450,,,
Colombia,Online ,500,30,0.6,9,Spanish,,0.595,75% Online/25% CAWI,2900,,,
France,Online ,150,35,0.1,18,French,,0.796,100% Online,3575,,,
France,Online,200,10,0.2,8.75,French,,0.796,100% Online,1530,,,
France,Online,200,10,0.35,6.75,French,,0.796,100% Online,1530,,,
France,Online,200,15,0.1,12.5,French,,0.796,100% Online,1530,,,
France,Online,200,15,0.2,9.25,French,,0.796,100% Online,1530,,,
France,Online,200,15,0.25,8.5,French,,0.796,100% Online,1530,,,
France,Online,200,15,0.35,7.25,French,,0.796,100% Online,1530,,,
France,Online,200,15,0.5,5.1,French,,0.796,100% Online,1530,,,
France,Online,200,15,0.55,4.6,French,,0.796,100% Online,1530,,,
France,Online,200,15,0.75,4,French,,0.796,100% Online,1530,,,
France,Online,200,20,0.1,13.25,French,,0.796,100% Online,2040,,,
France,Online,200,20,0.25,9.25,French,,0.796,100% Online,2040,,,
France,Online,200,20,0.5,5.85,French,,0.796,100% Online,2040,,,
France,Online,200,20,0.75,4.75,French,,0.796,100% Online,2040,,,
France,Online,200,25,0.1,14,French,,0.796,100% Online,2550,,,
France,Online,200,25,0.25,10,French,,0.796,100% Online,2550,,,
France,Online,200,25,0.5,6.6,French,,0.796,100% Online,2550,,,
France,Online,200,25,0.75,5.5,French,,0.796,100% Online,2550,,,
France,Online,200,30,0.1,15.5,French,,0.796,100% Online,3060,,,
France,Online,200,30,0.25,11.5,French,,0.796,100% Online,3060,,,
France,Online,200,30,0.5,8.1,French,,0.796,100% Online,3060,,,
France,Online,200,30,0.75,7,French,,0.796,100% Online,3060,,,
France,Online,375,10,0.1,7.75,French,,0.796,100% Online,1530,,,
France,Online,375,30,0.5,16,French,,0.796,100% Online,3060,,,
France,Online,375,35,0.5,21,French,,0.796,100% Online,3575,,,
France,Online,375,45,0.5,30,French,,0.796,100% Online,4600,,,
France,Online,500,15,0.1,12.25,French,,0.796,100% Online,1530,,,
France,Online,500,15,0.25,8.25,French,,0.796,100% Online,1530,,,
France,Online,500,15,0.5,4.85,French,,0.796,100% Online,1530,,,
France,Online,500,15,0.75,4,French,,0.796,100% Online,1530,,,
France,Online,500,20,0.1,13,French,,0.796,100% Online,2040,,,
France,Online,500,20,0.25,9,French,,0.796,100% Online,2040,,,
France,Online,500,20,0.5,5.6,French,,0.796,100% Online,2040,,,
France,Online,500,20,0.75,4.5,French,,0.796,100% Online,2040,,,
France,Online,500,25,0.1,13.75,French,,0.796,100% Online,2550,,,
France,Online,500,25,0.25,8.75,French,,0.796,100% Online,2550,,,
France,Online,500,25,0.5,6.35,French,,0.796,100% Online,2550,,,
France,Online,500,25,0.75,5.25,French,,0.796,100% Online,2550,,,
France,Online,500,30,0.1,17.25,French,,0.796,100% Online,3060,,,
France,Online,500,30,0.25,16.75,French,,0.796,100% Online,3060,,,
France,Online,500,30,0.5,7.85,French,,0.796,100% Online,3060,,,
France,Online,500,30,0.75,6.75,French,,0.796,100% Online,3060,,,
France,Online,600,25,0.8,5.25,French,,0.796,100% Online,2550,,,
France,Online,600,30,0.8,5.75,French,,0.796,100% Online,3060,,,
France,Online ,750,35,0.2,13,French,,0.796,100% Online,3575,,,
France,Online,1000,15,0.1,12,French,,0.796,100% Online,1530,,,
France,Online,1000,15,0.25,8,French,,0.796,100% Online,1530,,,
France,Online,1000,15,0.5,4.6,French,,0.796,100% Online,1530,,,
France,Online,1000,15,0.75,4,French,,0.796,100% Online,1530,,,
France,Online,1000,20,0.1,12.75,French,,0.796,100% Online,2040,,,
France,Online,1000,20,0.25,8.75,French,,0.796,100% Online,2040,,,
France,Online,1000,20,0.5,5.35,French,,0.796,100% Online,2040,,,
France,Online,1000,20,0.75,4.25,French,,0.796,100% Online,2040,,,
France,Online,1000,25,0.1,13.5,French,,0.796,100% Online,2550,,,
France,Online,1000,25,0.25,9.5,French,,0.796,100% Online,2550,,,
France,Online,1000,25,0.5,6.1,French,,0.796,100% Online,2550,,,
France,Online,1000,25,0.75,5,French,,0.796,100% Online,2550,,,
France,Online,1000,30,0.1,15,French,,0.796,100% Online,3060,,,
France,Online,1000,30,0.25,11,French,,0.796,100% Online,3060,,,
France,Online,1000,30,0.5,7.6,French,,0.796,100% Online,3060,,,
France,Online,1000,30,0.75,6.5,French,,0.796,100% Online,3060,,,
France,Online,1500+,15,0.1,11.75,French,,0.796,100% Online,1530,,,
France,Online,1500+,15,0.25,7.75,French,,0.796,100% Online,1530,,,
France,Online ,1500+,15,0.28,7,French,,0.796,100% Online,1530,,,
France,Online,1500+,15,0.5,4.35,French,,0.796,100% Online,1530,,,
France,Online,1500+,15,0.6,4.5,French,,0.796,100% Online,1530,,,
France,Online,1500+,15,0.75,4,French,,0.796,100% Online,1530,,,
France,Online,1500+,20,0.1,12.5,French,,0.796,100% Online,2040,,,
France,Online,1500+,20,0.25,8.5,French,,0.796,100% Online,2040,,,
France,Online ,1500+,20,0.28,9,French,,0.796,100% Online,2040,,,
France,Online,1500+,20,0.5,5.15,French,,0.796,100% Online,2040,,,
France,Online ,1500+,20,0.6,6.5,French,,0.796,100% Online,2040,,,
France,Online,1500+,20,0.75,4,French,,0.796,100% Online,2040,,,
France,Online,1500+,25,0.1,13.25,French,,0.796,100% Online,2550,,,
France,Online,1500+,25,0.25,9.25,French,,0.796,100% Online,2550,,,
France,Online,1500+,25,0.5,5.9,French,,0.796,100% Online,2550,,,
France,Online,1500+,25,0.75,4.75,French,,0.796,100% Online,2550,,,
France,Online,1500+,30,0.1,14.75,French,,0.796,100% Online,3060,,,
France,Online,1500+,30,0.25,10.75,French,,0.796,100% Online,3060,,,
France,Online,1500+,30,0.5,7.4,French,,0.796,100% Online,3060,,,
France,Online,1500+,30,0.75,6.25,French,,0.796,100% Online,3060,,,
France,Online ,1500+,35,0.2,12,French,,0.796,100% Online,3575,,,
France,Online,1500+,45,0.7,11,French,,0.796,100% Online,4600,,,
Germany,Online,200,10,0.2,10.25,German,,0.83,100% Online,1530,,,
Germany,Online,200,10,0.35,8.25,German,,0.83,100% Online,1530,,,
Germany,Online,200,15,0.1,12.5,German,,0.83,100% Online,1530,,,
Germany,Online,200,15,0.2,10.75,German,,0.83,100% Online,1530,,,
Germany,Online,200,15,0.25,10.5,German,,0.83,100% Online,1530,,,
Germany,Online,200,15,0.35,8.75,German,,0.83,100% Online,1530,,,
Germany,Online,200,15,0.5,6.75,German,,0.83,100% Online,1530,,,
Germany,Online,200,15,0.55,4.6,German,,0.83,100% Online,1530,,,
Germany,Online,200,15,0.75,4,German,,0.83,100% Online,1530,,,
Germany,Online,200,20,0.1,13.25,German,,0.83,100% Online,2040,,,
Germany,Online,200,20,0.25,10.75,German,,0.83,100% Online,2040,,,
Germany,Online,200,20,0.5,8.25,German,,0.83,100% Online,2040,,,
Germany,Online,200,20,0.75,6,German,,0.83,100% Online,2040,,,
Germany,Online,200,25,0.1,14,German,,0.83,100% Online,2550,,,
Germany,Online,200,25,0.25,10,German,,0.83,100% Online,2550,,,
Germany,Online,200,25,0.5,6.6,German,,0.83,100% Online,2550,,,
Germany,Online,200,25,0.75,5.5,German,,0.83,100% Online,2550,,,
Germany,Online,200,30,0.1,15.5,German,,0.83,100% Online,3060,,,
Germany,Online,200,30,0.25,11.5,German,,0.83,100% Online,3060,,,
Germany,Online,200,30,0.5,8.1,German,,0.83,100% Online,3060,,,
Germany,Online,200,30,0.75,7,German,,0.83,100% Online,3060,,,
Germany,Online,375,10,0.1,7.75,German,,0.83,100% Online,1530,,,
Germany,Online,375,30,0.5,16,German,,0.83,100% Online,3060,,,
Germany,Online,375,35,0.5,21,German,,0.83,100% Online,3575,,,
Germany,Online,375,45,0.5,30,German,,0.83,100% Online,4600,,,
Germany,Online,500,15,0.1,12.25,German,,0.83,100% Online,1530,,,
Germany,Online,500,15,0.25,10.25,German,,0.83,100% Online,1530,,,
Germany,Online,500,15,0.5,6.5,German,,0.83,100% Online,1530,,,
Germany,Online,500,15,0.75,4,German,,0.83,100% Online,1530,,,
Germany,Online,500,20,0.1,13,German,,0.83,100% Online,2040,,,
Germany,Online,500,20,0.25,11,German,,0.83,100% Online,2040,,,
Germany,Online,500,20,0.5,8,German,,0.83,100% Online,2040,,,
Germany,Online,500,20,0.75,5.75,German,,0.83,100% Online,2040,,,
Germany,Online,500,25,0.1,13.75,German,,0.83,100% Online,2550,,,
Germany,Online,500,25,0.25,8.75,German,,0.83,100% Online,2550,,,
Germany,Online,500,25,0.5,6.35,German,,0.83,100% Online,2550,,,
Germany,Online,500,25,0.75,5.25,German,,0.83,100% Online,2550,,,
Germany,Online,500,30,0.1,17.25,German,,0.83,100% Online,3060,,,
Germany,Online,500,30,0.25,16.75,German,,0.83,100% Online,3060,,,
Germany,Online,500,30,0.5,7.85,German,,0.83,100% Online,3060,,,
Germany,Online,500,30,0.75,6.75,German,,0.83,100% Online,3060,,,
Germany,Online,1000,15,0.1,12,German,,0.83,100% Online,1530,,,
Germany,Online,1000,15,0.25,10,German,,0.83,100% Online,1530,,,
Germany,Online,1000,15,0.5,6.25,German,,0.83,100% Online,1530,,,
Germany,Online,1000,15,0.75,4,German,,0.83,100% Online,1530,,,
Germany,Online,1000,20,0.1,12.75,German,,0.83,100% Online,2040,,,
Germany,Online,1000,20,0.25,10.25,German,,0.83,100% Online,2040,,,
Germany,Online,1000,20,0.5,7.75,German,,0.83,100% Online,2040,,,
Germany,Online,1000,20,0.75,5.5,German,,0.83,100% Online,2040,,,
Germany,Online,1000,25,0.1,13.5,German,,0.83,100% Online,2550,,,
Germany,Online,1000,25,0.25,9.5,German,,0.83,100% Online,2550,,,
Germany,Online,1000,25,0.5,6.1,German,,0.83,100% Online,2550,,,
Germany,Online,1000,25,0.75,5.5,German,,0.83,100% Online,2550,,,
Germany,Online,1000,30,0.1,15,German,,0.83,100% Online,3060,,,
Germany,Online,1000,30,0.25,11,German,,0.83,100% Online,3060,,,
Germany,Online,1000,30,0.5,7.6,German,,0.83,100% Online,3060,,,
Germany,Online,1000,30,0.75,6.5,German,,0.83,100% Online,3060,,,
Germany,Online,1500+,15,0.1,11.75,German,,0.83,100% Online,1530,,,
Germany,Online,1500+,15,0.25,9.75,German,,0.83,100% Online,1530,,,
Germany,Online ,1500+,15,0.41,6.5,German,,0.83,100% Online,1530,,,
Germany,Online,1500+,15,0.5,6,German,,0.83,100% Online,1530,,,
Germany,Online,1500+,15,0.75,4,German,,0.83,100% Online,1530,,,
Germany,Online,1500+,15,0.8,4,German,,0.83,100% Online,1530,,,
Germany,Online,1500+,20,0.1,12.5,German,,0.83,100% Online,2040,,,
Germany,Online,1500+,20,0.25,9,German,,0.83,100% Online,2040,,,
Germany,Online ,1500+,20,0.41,8.5,German,,0.83,100% Online,2040,,,
Germany,Online,1500+,20,0.5,7.5,German,,0.83,100% Online,2040,,,
Germany,Online,1500+,20,0.75,5.25,German,,0.83,100% Online,2040,,,
Germany,Online ,1500+,20,0.8,5,German,,0.83,100% Online,2040,,,
Germany,Online,1500+,25,0.1,13.25,German,,0.83,100% Online,2550,,,
Germany,Online,1500+,25,0.25,9.25,German,,0.83,100% Online,2550,,,
Germany,Online,1500+,25,0.5,5.9,German,,0.83,100% Online,2550,,,
Germany,Online,1500+,25,0.75,5,German,,0.83,100% Online,2550,,,
Germany,Online,1500+,30,0.1,14.75,German,,0.83,100% Online,3060,,,
Germany,Online,1500+,30,0.25,10.75,German,,0.83,100% Online,3060,,,
Germany,Online,1500+,30,0.5,7.4,German,,0.83,100% Online,3060,,,
Germany,Online,1500+,30,0.7,6,German,,0.83,100% Online,3060,,,
Germany,Online,1500+,30,0.75,6.5,German,,0.83,100% Online,3060,,,
India,Online,200,10,0.2,9.25,English/Hindi/Other Indian,,0.114,50% Online/50% CAWI,$500/$2040/$2130,,,
India,Online,200,10,0.35,7.25,English/Hindi/Other Indian,,0.114,50% Online/50% CAWI,$500/$2040/$2130,,,
India,Online,200,15,0.1,18,English/Hindi/Other Indian,,0.114,50% Online/50% CAWI,$500/$2040/$2130,,,
India,Online,200,15,0.2,9.75,English/Hindi/Other Indian,,0.114,50% Online/50% CAWI,$500/$2040/$2130,,,
India,Online,200,15,0.25,9.5,English/Hindi/Other Indian,,0.114,50% Online/50% CAWI,$500/$2040/$2130,,,
India,Online,200,15,0.35,7.75,English/Hindi/Other Indian,,0.114,50% Online/50% CAWI,$500/$2040/$2130,,,
India,Online,200,15,0.5,6,English/Hindi/Other Indian,,0.114,50% Online/50% CAWI,$500/$2040/$2130,,,
India,Online,200,15,0.75,5,English/Hindi/Other Indian,,0.114,50% Online/50% CAWI,$500/$2040/$2130,,,
India,Online,200,20,0.1,18.75,English/Hindi/Other Indian,,0.114,50% Online/50% CAWI,$500/$2720/$2840,,,
India,Online,200,20,0.25,10.25,English/Hindi/Other Indian,,0.114,50% Online/50% CAWI,$500/$2720/$2840,,,
India,Online,200,20,0.5,6.75,English/Hindi/Other Indian,,0.114,50% Online/50% CAWI,$500/$2720/$2840,,,
India,Online,200,20,0.75,5.75,English/Hindi/Other Indian,,0.114,50% Online/50% CAWI,$500/$2720/$2840,,,
India,Online,200,25,0.1,19.5,English/Hindi/Other Indian,,0.114,50% Online/50% CAWI,$500/$3400/$3550,,,
India,Online,200,25,0.25,11,English/Hindi/Other Indian,,0.114,50% Online/50% CAWI,$500/$3400/$3550,,,
India,Online,200,25,0.5,7.5,English/Hindi/Other Indian,,0.114,50% Online/50% CAWI,$500/$3400/$3550,,,
India,Online,200,25,0.75,6.5,English/Hindi/Other Indian,,0.114,50% Online/50% CAWI,$500/$3400/$3550,,,
India,Online,200,30,0.1,21,English/Hindi/Other Indian,,0.114,50% Online/50% CAWI,$500/$4080/$4260,,,
India,Online,200,30,0.25,12.5,English/Hindi/Other Indian,,0.114,50% Online/50% CAWI,$500/$4080/$4260,,,
India,Online,200,30,0.5,9,English/Hindi/Other Indian,,0.114,50% Online/50% CAWI,$500/$4080/$4260,,,
India,Online,200,30,0.75,8,English/Hindi/Other Indian,,0.114,50% Online/50% CAWI,$500/$4080/$4260,,,
India,Online,500,15,0.1,17.75,English/Hindi/Other Indian,,0.114,50% Online/50% CAWI,$500/$2040/$2130,,,
India,Online,500,15,0.25,9.25,English/Hindi/Other Indian,,0.114,50% Online/50% CAWI,$500/$2040/$2130,,,
India,Online,500,15,0.5,5.75,English/Hindi/Other Indian,,0.114,50% Online/50% CAWI,$500/$2040/$2130,,,
India,Online,500,15,0.75,4.75,English/Hindi/Other Indian,,0.114,50% Online/50% CAWI,$500/$2040/$2130,,,
India,Online,500,20,0.1,18.5,English/Hindi/Other Indian,,0.114,50% Online/50% CAWI,$500/$2720/$2840,,,
India,Online,500,20,0.25,10,English/Hindi/Other Indian,,0.114,50% Online/50% CAWI,$500/$2720/$2840,,,
India,Online,500,20,0.5,6.5,English/Hindi/Other Indian,,0.114,50% Online/50% CAWI,$500/$2720/$2840,,,
India,Online,500,20,0.75,5.5,English/Hindi/Other Indian,,0.114,50% Online/50% CAWI,$500/$2720/$2840,,,
India,Online,500,25,0.1,19.25,English/Hindi/Other Indian,,0.114,50% Online/50% CAWI,$500/$3400/$3550,,,
India,Online,500,25,0.25,10.75,English/Hindi/Other Indian,,0.114,50% Online/50% CAWI,$500/$3400/$3550,,,
India,Online,500,25,0.5,7.25,English/Hindi/Other Indian,,0.114,50% Online/50% CAWI,$500/$3400/$3550,,,
India,Online,500,25,0.75,6.25,English/Hindi/Other Indian,,0.114,50% Online/50% CAWI,$500/$3400/$3550,,,
India,Online,500,30,0.1,20.75,English/Hindi/Other Indian,,0.114,50% Online/50% CAWI,$500/$4080/$4260,,,
India,Online,500,30,0.25,12.25,English/Hindi/Other Indian,,0.114,50% Online/50% CAWI,$500/$4080/$4260,,,
India,Online,500,30,0.5,8.75,English/Hindi/Other Indian,,0.114,50% Online/50% CAWI,$500/$4080/$4260,,,
India,Online,500,30,0.75,7.75,English/Hindi/Other Indian,,0.114,50% Online/50% CAWI,$500/$4080/$4260,,,
India,Online,750,18,0.15,19,English/Hindi/Other Indian,,0.114,50% Online/50% CAWI,$500/$2400/$2500,,,
India,Online,1000,15,0.1,17.5,English/Hindi/Other Indian,,0.114,50% Online/50% CAWI,$500/$2040/$2130,,,
India,Online,1000,15,0.25,9,English/Hindi/Other Indian,,0.114,50% Online/50% CAWI,$500/$2040/$2130,,,
India,Online,1000,15,0.5,5.5,English/Hindi/Other Indian,,0.114,50% Online/50% CAWI,$500/$2040/$2130,,,
India,Online,1000,15,0.75,4.5,English/Hindi/Other Indian,,0.114,50% Online/50% CAWI,$500/$2040/$2130,,,
India,Online,1000,20,0.1,18.25,English/Hindi/Other Indian,,0.114,50% Online/50% CAWI,$500/$2720/$2840,,,
India,Online,1000,20,0.25,9.75,English/Hindi/Other Indian,,0.114,50% Online/50% CAWI,$500/$2720/$2840,,,
India,Online,1000,20,0.5,6.25,English/Hindi/Other Indian,,0.114,50% Online/50% CAWI,$500/$2720/$2840,,,
India,Online,1000,20,0.75,5.25,English/Hindi/Other Indian,,0.114,50% Online/50% CAWI,$500/$2720/$2840,,,
India,Online,1000,25,0.1,19,English/Hindi/Other Indian,,0.114,50% Online/50% CAWI,$500/$3400/$3550,,,
India,Online,1000,25,0.25,10.5,English/Hindi/Other Indian,,0.114,50% Online/50% CAWI,$500/$3400/$3550,,,
India,Online,1000,25,0.5,7,English/Hindi/Other Indian,,0.114,50% Online/50% CAWI,$500/$3400/$3550,,,
India,Online,1000,25,0.75,6,English/Hindi/Other Indian,,0.114,50% Online/50% CAWI,$500/$3400/$3550,,,
India,Online,1000,30,0.1,20.5,English/Hindi/Other Indian,,0.114,50% Online/50% CAWI,$500/$4080/$4260,,,
India,Online,1000,30,0.25,12,English/Hindi/Other Indian,,0.114,50% Online/50% CAWI,$500/$4080/$4260,,,
India,Online,1000,30,0.5,8.5,English/Hindi/Other Indian,,0.114,50% Online/50% CAWI,$500/$4080/$4260,,,
India,Online,1000,30,0.75,7.5,English/Hindi/Other Indian,,0.114,50% Online/50% CAWI,$500/$4080/$4260,,,
India,Online,1500+,15,0.1,17.25,English/Hindi/Other Indian,,0.114,50% Online/50% CAWI,$500/$2040/$2130,,,
India,Online,1500+,15,0.25,8.75,English/Hindi/Other Indian,,0.114,50% Online/50% CAWI,$500/$2040/$2130,,,
India,Online,1500+,15,0.5,5.25,English/Hindi/Other Indian,,0.114,50% Online/50% CAWI,$500/$2040/$2130,,,
India,Online,1500+,15,0.75,4.25,English/Hindi/Other Indian,,0.114,50% Online/50% CAWI,$500/$2040/$2130,,,
India,Online,1500+,20,0.1,18,English/Hindi/Other Indian,,0.114,50% Online/50% CAWI,$500/$2720/$2840,,,
India,Online,1500+,20,0.25,9.5,English/Hindi/Other Indian,,0.114,50% Online/50% CAWI,$500/$2720/$2840,,,
India,Online,1500+,20,0.5,6,English/Hindi/Other Indian,,0.114,50% Online/50% CAWI,$500/$2720/$2840,,,
India,Online,1500+,20,0.75,5,English/Hindi/Other Indian,,0.114,50% Online/50% CAWI,$500/$2720/$2840,,,
India,Online,1500+,25,0.1,18.75,English/Hindi/Other Indian,,0.114,50% Online/50% CAWI,$500/$3400/$3550,,,
India,Online,1500+,25,0.25,10.25,English/Hindi/Other Indian,,0.114,50% Online/50% CAWI,$500/$3400/$3550,,,
India,Online,1500+,25,0.5,6.75,English/Hindi/Other Indian,,0.114,50% Online/50% CAWI,$500/$3400/$3550,,,
India,Online,1500+,25,0.75,5.75,English/Hindi/Other Indian,,0.114,50% Online/50% CAWI,$500/$3400/$3550,,,
India,Online,1500+,30,0.1,20.25,English/Hindi/Other Indian,,0.114,50% Online/50% CAWI,$500/$4080/$4260,,,
India,Online,1500+,30,0.25,11.75,English/Hindi/Other Indian,,0.114,50% Online/50% CAWI,$500/$4080/$4260,,,
India,Online,1500+,30,0.5,8.25,English/Hindi/Other Indian,,0.114,50% Online/50% CAWI,$500/$4080/$4260,,,
India,Online,1500+,30,0.75,7.25,English/Hindi/Other Indian,,0.114,50% Online/50% CAWI,$500/$4080/$4260,,,
Indonesia,Online,750,18,0.15,14.75,Bahasa,,0.221,75% Online/25% CAWI,2575,,,
Italy,Online ,150,35,0.1,18,Italian,,0.584,75% Online/25% CAWI,3575,,,
Italy,Online,200,15,0.1,12.5,Italian,,0.584,75% Online/25% CAWI,1530,,,
Italy,Online,200,15,0.25,8.5,Italian,,0.584,75% Online/25% CAWI,1530,,,
Italy,Online,200,15,0.5,5.1,Italian,,0.584,75% Online/25% CAWI,1530,,,
Italy,Online,200,15,0.55,4,Italian,,0.584,75% Online/25% CAWI,1530,,,
Italy,Online,200,15,0.75,4,Italian,,0.584,75% Online/25% CAWI,1530,,,
Italy,Online,200,20,0.1,13.25,Italian,,0.584,75% Online/25% CAWI,2040,,,
Italy,Online,200,20,0.25,9.25,Italian,,0.584,75% Online/25% CAWI,2040,,,
Italy,Online,200,20,0.5,5.85,Italian,,0.584,75% Online/25% CAWI,2040,,,
Italy,Online,200,20,0.75,4.75,Italian,,0.584,75% Online/25% CAWI,2040,,,
Italy,Online,200,25,0.1,14,Italian,,0.584,75% Online/25% CAWI,2550,,,
Italy,Online,200,25,0.25,10,Italian,,0.584,75% Online/25% CAWI,2550,,,
Italy,Online,200,25,0.5,6.6,Italian,,0.584,75% Online/25% CAWI,2550,,,
Italy,Online,200,25,0.75,5.5,Italian,,0.584,75% Online/25% CAWI,2550,,,
Italy,Online,200,30,0.1,15.5,Italian,,0.584,75% Online/25% CAWI,3060,,,
Italy,Online,200,30,0.25,11.5,Italian,,0.584,75% Online/25% CAWI,3060,,,
Italy,Online,200,30,0.5,8.1,Italian,,0.584,75% Online/25% CAWI,3060,,,
Italy,Online,200,30,0.75,7,Italian,,0.584,75% Online/25% CAWI,3060,,,
Italy,Online,275,10,0.1,8.25,Italian,,0.584,75% Online/25% CAWI,1025,,,
Italy,Online,275,30,0.5,16.5,Italian,,0.584,75% Online/25% CAWI,3060,,,
Italy,Online,275,35,0.5,21.5,Italian,,0.584,75% Online/25% CAWI,3575,,,
Italy,Online,275,45,0.5,29,Italian,,0.584,75% Online/25% CAWI,4600,,,
Italy,Online,500,15,0.1,12.25,Italian,,0.584,75% Online/25% CAWI,1530,,,
Italy,Online,500,15,0.25,8.25,Italian,,0.584,75% Online/25% CAWI,1530,,,
Italy,Online,500,15,0.5,4.85,Italian,,0.584,75% Online/25% CAWI,1530,,,
Italy,Online,500,15,0.75,4,Italian,,0.584,75% Online/25% CAWI,1530,,,
Italy,Online,500,20,0.1,13,Italian,,0.584,75% Online/25% CAWI,2040,,,
Italy,Online,500,20,0.25,9,Italian,,0.584,75% Online/25% CAWI,2040,,,
Italy,Online,500,20,0.5,5.6,Italian,,0.584,75% Online/25% CAWI,2040,,,
Italy,Online,500,20,0.75,4.5,Italian,,0.584,75% Online/25% CAWI,2040,,,
Italy,Online,500,25,0.1,13.75,Italian,,0.584,75% Online/25% CAWI,2550,,,
Italy,Online,500,25,0.25,8.75,Italian,,0.584,75% Online/25% CAWI,2550,,,
Italy,Online,500,25,0.5,6.35,Italian,,0.584,75% Online/25% CAWI,2550,,,
Italy,Online,500,25,0.75,5.25,Italian,,0.584,75% Online/25% CAWI,2550,,,
Italy,Online,500,30,0.1,15.25,Italian,,0.584,75% Online/25% CAWI,3060,,,
Italy,Online,500,30,0.25,11.25,Italian,,0.584,75% Online/25% CAWI,3060,,,
Italy,Online,500,30,0.5,7.85,Italian,,0.584,75% Online/25% CAWI,3060,,,
Italy,Online,500,30,0.75,6.75,Italian,,0.584,75% Online/25% CAWI,3060,,,
Italy,Online ,750,35,0.2,25,Italian,,0.584,75% Online/25% CAWI,3575,,,
Italy,Online,1000,15,0.1,12,Italian,,0.584,75% Online/25% CAWI,1530,,,
Italy,Online,1000,15,0.25,8,Italian,,0.584,75% Online/25% CAWI,1530,,,
Italy,Online,1000,15,0.5,4.6,Italian,,0.584,75% Online/25% CAWI,1530,,,
Italy,Online,1000,15,0.75,4,Italian,,0.584,75% Online/25% CAWI,1530,,,
Italy,Online,1000,20,0.1,12.75,Italian,,0.584,75% Online/25% CAWI,2040,,,
Italy,Online,1000,20,0.25,8.75,Italian,,0.584,75% Online/25% CAWI,2040,,,
Italy,Online,1000,20,0.5,5.35,Italian,,0.584,75% Online/25% CAWI,2040,,,
Italy,Online,1000,20,0.75,4.25,Italian,,0.584,75% Online/25% CAWI,2040,,,
Italy,Online,1000,25,0.1,13.5,Italian,,0.584,75% Online/25% CAWI,2550,,,
Italy,Online,1000,25,0.25,9.5,Italian,,0.584,75% Online/25% CAWI,2550,,,
Italy,Online,1000,25,0.5,6.1,Italian,,0.584,75% Online/25% CAWI,2550,,,
Italy,Online,1000,25,0.75,5,Italian,,0.584,75% Online/25% CAWI,2550,,,
Italy,Online,1000,30,0.1,15,Italian,,0.584,75% Online/25% CAWI,3060,,,
Italy,Online,1000,30,0.25,11,Italian,,0.584,75% Online/25% CAWI,3060,,,
Italy,Online,1000,30,0.5,7.6,Italian,,0.584,75% Online/25% CAWI,3060,,,
Italy,Online,1000,30,0.75,6.5,Italian,,0.584,75% Online/25% CAWI,3060,,,
Italy,Online ,1500,35,0.2,25.5,Italian,,0.584,75% Online/25% CAWI,3575,,,
Italy,Online,1500+,15,0.1,11.75,Italian,,0.584,75% Online/25% CAWI,1530,,,
Italy,Online,1500+,15,0.25,7.75,Italian,,0.584,75% Online/25% CAWI,1530,,,
Italy,Online ,1500+,15,0.28,11.75,Italian,,0.584,75% Online/25% CAWI,1530,,,
Italy,Online,1500+,15,0.5,4.35,Italian,,0.584,75% Online/25% CAWI,1530,,,
Italy,Online,1500+,15,0.6,7.75,Italian,,0.584,75% Online/25% CAWI,1530,,,
Italy,Online,1500+,15,0.75,4,Italian,,0.584,75% Online/25% CAWI,1530,,,
Italy,Online,1500+,20,0.1,12.5,Italian,,0.584,75% Online/25% CAWI,2040,,,
Italy,Online,1500+,20,0.25,8.5,Italian,,0.584,75% Online/25% CAWI,2040,,,
Italy,Online ,1500+,20,0.28,4.35,Italian,,0.584,75% Online/25% CAWI,2040,,,
Italy,Online,1500+,20,0.5,5.15,Italian,,0.584,75% Online/25% CAWI,2040,,,
Italy,Online ,1500+,20,0.6,4,Italian,,0.584,75% Online/25% CAWI,2040,,,
Italy,Online,1500+,20,0.75,4,Italian,,0.584,75% Online/25% CAWI,2040,,,
Italy,Online,1500+,25,0.1,13.25,Italian,,0.584,75% Online/25% CAWI,2550,,,
Italy,Online,1500+,25,0.25,9.25,Italian,,0.584,75% Online/25% CAWI,2550,,,
Italy,Online,1500+,25,0.5,5.9,Italian,,0.584,75% Online/25% CAWI,2550,,,
Italy,Online,1500+,25,0.75,4.75,Italian,,0.584,75% Online/25% CAWI,2550,,,
Italy,Online,1500+,30,0.1,14.75,Italian,,0.584,75% Online/25% CAWI,3060,,,
Italy,Online,1500+,30,0.25,10.75,Italian,,0.584,75% Online/25% CAWI,3060,,,
Italy,Online,1500+,30,0.5,7.4,Italian,,0.584,75% Online/25% CAWI,3060,,,
Italy,Online,1500+,30,0.75,6.25,Italian,,0.584,75% Online/25% CAWI,3060,,,
Japan,Online,200,15,0.1,14.15,Japanese,,0.795,100% Online,2130,,,
Japan,Online,200,15,0.25,10.15,Japanese,,0.795,100% Online,2130,,,
Japan,Online,200,15,0.5,6.15,Japanese,,0.795,100% Online,2130,,,
Japan,Online,200,15,0.55,5.25,Japanese,,0.795,100% Online,2130,,,
Japan,Online,200,15,0.75,4.65,Japanese,,0.795,100% Online,2130,,,
Japan,Online,200,20,0.1,14.9,Japanese,,0.795,100% Online,2840,,,
Japan,Online,200,20,0.25,10.9,Japanese,,0.795,100% Online,2840,,,
Japan,Online,200,20,0.5,6.9,Japanese,,0.795,100% Online,2840,,,
Japan,Online,200,20,0.75,5.3,Japanese,,0.795,100% Online,2840,,,
Japan,Online,200,25,0.1,15,Japanese,,0.795,100% Online,3550,,,
Japan,Online,200,25,0.25,11.65,Japanese,,0.795,100% Online,3550,,,
Japan,Online,200,25,0.5,7.65,Japanese,,0.795,100% Online,3550,,,
Japan,Online,200,25,0.75,6.05,Japanese,,0.795,100% Online,3550,,,
Japan,Online,200,30,0.1,17.15,Japanese,,0.795,100% Online,4260,,,
Japan,Online,200,30,0.25,13.15,Japanese,,0.795,100% Online,4260,,,
Japan,Online,200,30,0.5,9.15,Japanese,,0.795,100% Online,4260,,,
Japan,Online,200,30,0.75,6.8,Japanese,,0.795,100% Online,4260,,,
Japan,Online,500,15,0.1,13.9,Japanese,,0.795,100% Online,2130,,,
Japan,Online,500,15,0.25,9.9,Japanese,,0.795,100% Online,2130,,,
Japan,Online,500,15,0.5,5.9,Japanese,,0.795,100% Online,2130,,,
Japan,Online,500,15,0.75,4.65,Japanese,,0.795,100% Online,2130,,,
Japan,Online,500,20,0.1,14.65,Japanese,,0.795,100% Online,2840,,,
Japan,Online,500,20,0.25,10.65,Japanese,,0.795,100% Online,2840,,,
Japan,Online,500,20,0.5,6.65,Japanese,,0.795,100% Online,2840,,,
Japan,Online,500,20,0.75,5.05,Japanese,,0.795,100% Online,2840,,,
Japan,Online,500,25,0.1,15.4,Japanese,,0.795,100% Online,3550,,,
Japan,Online,500,25,0.25,11.4,Japanese,,0.795,100% Online,3550,,,
Japan,Online,500,25,0.5,7.4,Japanese,,0.795,100% Online,3550,,,
Japan,Online,500,25,0.75,5.8,Japanese,,0.795,100% Online,3550,,,
Japan,Online,500,30,0.1,16.9,Japanese,,0.795,100% Online,4260,,,
Japan,Online,500,30,0.25,12.9,Japanese,,0.795,100% Online,4260,,,
Japan,Online,500,30,0.5,8.9,Japanese,,0.795,100% Online,4260,,,
Japan,Online,500,30,0.75,6.55,Japanese,,0.795,100% Online,4260,,,
Japan,Online,800,5,0.1,15.65,Japanese,,0.795,100% Online,725,,,
Japan,Online,800,5,0.15,12.65,Japanese,,0.795,100% Online,725,,,
Japan,Online,1000,15,0.1,13.65,Japanese,,0.795,100% Online,2130,,,
Japan,Online,1000,15,0.25,9.65,Japanese,,0.795,100% Online,2130,,,
Japan,Online,1000,15,0.5,5.65,Japanese,,0.795,100% Online,2130,,,
Japan,Online,1000,15,0.75,4.65,Japanese,,0.795,100% Online,2130,,,
Japan,Online,1000,20,0.1,14.4,Japanese,,0.795,100% Online,2840,,,
Japan,Online,1000,20,0.25,10.4,Japanese,,0.795,100% Online,2840,,,
Japan,Online,1000,20,0.5,6.4,Japanese,,0.795,100% Online,2840,,,
Japan,Online,1000,20,0.75,4.8,Japanese,,0.795,100% Online,2840,,,
Japan,Online,1000,25,0.1,15.15,Japanese,,0.795,100% Online,3550,,,
Japan,Online,1000,25,0.25,11.15,Japanese,,0.795,100% Online,3550,,,
Japan,Online,1000,25,0.5,7.15,Japanese,,0.795,100% Online,3550,,,
Japan,Online,1000,25,0.75,5.55,Japanese,,0.795,100% Online,3550,,,
Japan,Online,1000,30,0.1,16.65,Japanese,,0.795,100% Online,4260,,,
Japan,Online,1000,30,0.25,12.65,Japanese,,0.795,100% Online,4260,,,
Japan,Online,1000,30,0.5,8.65,Japanese,,0.795,100% Online,4260,,,
Japan,Online,1000,30,0.75,6.3,Japanese,,0.795,100% Online,4260,,,
Japan,Online,1500+,15,0.1,13.4,Japanese,,0.795,100% Online,2130,,,
Japan,Online,1500+,15,0.25,9.4,Japanese,,0.795,100% Online,2130,,,
Japan,Online,1500+,15,0.5,5.4,Japanese,,0.795,100% Online,2130,,,
Japan,Online,1500+,15,0.75,4.65,Japanese,,0.795,100% Online,2130,,,
Japan,Online,1500+,20,0.1,14.15,Japanese,,0.795,100% Online,2840,,,
Japan,Online,1500+,20,0.25,10.15,Japanese,,0.795,100% Online,2840,,,
Japan,Online,1500+,20,0.5,6.15,Japanese,,0.795,100% Online,2840,,,
Japan,Online,1500+,20,0.75,4.65,Japanese,,0.795,100% Online,2840,,,
Japan,Online,1500+,25,0.1,14.9,Japanese,,0.795,100% Online,3550,,,
Japan,Online,1500+,25,0.25,10.9,Japanese,,0.795,100% Online,3550,,,
Japan,Online,1500+,25,0.5,6.9,Japanese,,0.795,100% Online,3550,,,
Japan,Online,1500+,25,0.75,5.3,Japanese,,0.795,100% Online,3550,,,
Japan,Online,1500+,30,0.1,16.4,Japanese,,0.795,100% Online,4260,,,
Japan,Online,1500+,30,0.25,12.4,Japanese,,0.795,100% Online,4260,,,
Japan,Online,1500+,30,0.5,8.4,Japanese,,0.795,100% Online,4260,,,
Japan,Online,1500+,30,0.7,6.75,Japanese,,0.795,100% Online,4260,,,
Japan,Online,1500+,30,0.75,6.05,Japanese,,0.795,100% Online,4260,,,
Mexico,Online,200,10,0.2,10.5,Spanish,,0.365,50% Online/50% CAWI,1650,,,
Mexico,Online,200,10,0.35,8.5,Spanish,,0.365,50% Online/50% CAWI,1650,,,
Mexico,Online,200,15,0.1,21,Spanish,,0.365,50% Online/50% CAWI,1650,,,
Mexico,Online,200,15,0.2,11.25,Spanish,,0.365,50% Online/50% CAWI,1650,,,
Mexico,Online,200,15,0.25,11,Spanish,,0.365,50% Online/50% CAWI,1650,,,
Mexico,Online,200,15,0.35,9.25,Spanish,,0.365,50% Online/50% CAWI,1650,,,
Mexico,Online,200,15,0.5,7.25,Spanish,,0.365,50% Online/50% CAWI,1650,,,
Mexico,Online,200,15,0.55,4.75,Spanish,,0.365,50% Online/50% CAWI,1650,,,
Mexico,Online,200,15,0.75,4,Spanish,,0.365,50% Online/50% CAWI,1650,,,
Mexico,Online,200,20,0.1,21.75,Spanish,,0.365,50% Online/50% CAWI,2200,,,
Mexico,Online,200,20,0.25,11.75,Spanish,,0.365,50% Online/50% CAWI,2200,,,
Mexico,Online,200,20,0.5,8,Spanish,,0.365,50% Online/50% CAWI,2200,,,
Mexico,Online,200,20,0.75,4.5,Spanish,,0.365,50% Online/50% CAWI,2200,,,
Mexico,Online,200,25,0.1,22.5,Spanish,,0.365,50% Online/50% CAWI,2750,,,
Mexico,Online,200,25,0.25,12.5,Spanish,,0.365,50% Online/50% CAWI,2750,,,
Mexico,Online,200,25,0.5,8.75,Spanish,,0.365,50% Online/50% CAWI,2750,,,
Mexico,Online,200,25,0.75,5.25,Spanish,,0.365,50% Online/50% CAWI,2750,,,
Mexico,Online,200,30,0.1,24,Spanish,,0.365,50% Online/50% CAWI,3300,,,
Mexico,Online,200,30,0.25,14,Spanish,,0.365,50% Online/50% CAWI,3300,,,
Mexico,Online,200,30,0.5,10.25,Spanish,,0.365,50% Online/50% CAWI,3300,,,
Mexico,Online,200,30,0.75,6.75,Spanish,,0.365,50% Online/50% CAWI,3300,,,
Mexico,Online,500,15,0.1,20.75,Spanish,,0.365,50% Online/50% CAWI,1650,,,
Mexico,Online,500,15,0.25,10.75,Spanish,,0.365,50% Online/50% CAWI,1650,,,
Mexico,Online,500,15,0.5,7,Spanish,,0.365,50% Online/50% CAWI,1650,,,
Mexico,Online ,500,15,0.6,6,Spanish,,0.365,50% Online/50% CAWI,1650,,,
Mexico,Online,500,15,0.75,4,Spanish,,0.365,50% Online/50% CAWI,1650,,,
Mexico,Online,500,20,0.1,21.5,Spanish,,0.365,50% Online/50% CAWI,2200,,,
Mexico,Online,500,20,0.25,11.5,Spanish,,0.365,50% Online/50% CAWI,2200,,,
Mexico,Online,500,20,0.5,7.75,Spanish,,0.365,50% Online/50% CAWI,2200,,,
Mexico,Online,500,20,0.75,4.25,Spanish,,0.365,50% Online/50% CAWI,2200,,,
Mexico,Online,500,25,0.1,22.25,Spanish,,0.365,50% Online/50% CAWI,2750,,,
Mexico,Online,500,25,0.25,12.25,Spanish,,0.365,50% Online/50% CAWI,2750,,,
Mexico,Online,500,25,0.5,8.5,Spanish,,0.365,50% Online/50% CAWI,2750,,,
Mexico,Online,500,25,0.75,5,Spanish,,0.365,50% Online/50% CAWI,2750,,,
Mexico,Online,500,30,0.1,23.75,Spanish,,0.365,50% Online/50% CAWI,3300,,,
Mexico,Online,500,30,0.25,13.75,Spanish,,0.365,50% Online/50% CAWI,3300,,,
Mexico,Online,500,30,0.5,10,Spanish,,0.365,50% Online/50% CAWI,3300,,,
Mexico,Online ,500,30,0.6,9,Spanish,,0.365,50% Online/50% CAWI,3300,,,
Mexico,Online,500,30,0.75,6.5,Spanish,,0.365,50% Online/50% CAWI,3300,,,
Mexico,Online,1000,15,0.1,20.5,Spanish,,0.365,50% Online/50% CAWI,1650,,,
Mexico,Online,1000,15,0.25,10.5,Spanish,,0.365,50% Online/50% CAWI,1650,,,
Mexico,Online,1000,15,0.5,6.75,Spanish,,0.365,50% Online/50% CAWI,1650,,,
Mexico,Online,1000,15,0.75,4,Spanish,,0.365,50% Online/50% CAWI,1650,,,
Mexico,Online,1000,20,0.1,21.25,Spanish,,0.365,50% Online/50% CAWI,2200,,,
Mexico,Online,1000,20,0.25,11.25,Spanish,,0.365,50% Online/50% CAWI,2200,,,
Mexico,Online,1000,20,0.5,7.5,Spanish,,0.365,50% Online/50% CAWI,2200,,,
Mexico,Online,1000,20,0.75,4.25,Spanish,,0.365,50% Online/50% CAWI,2200,,,
Mexico,Online,1000,25,0.1,22,Spanish,,0.365,50% Online/50% CAWI,2750,,,
Mexico,Online,1000,25,0.25,12,Spanish,,0.365,50% Online/50% CAWI,2750,,,
Mexico,Online,1000,25,0.5,8.25,Spanish,,0.365,50% Online/50% CAWI,2750,,,
Mexico,Online,1000,25,0.75,5,Spanish,,0.365,50% Online/50% CAWI,2750,,,
Mexico,Online,1000,30,0.1,23.5,Spanish,,0.365,50% Online/50% CAWI,3300,,,
Mexico,Online,1000,30,0.25,13.5,Spanish,,0.365,50% Online/50% CAWI,3300,,,
Mexico,Online,1000,30,0.5,9.75,Spanish,,0.365,50% Online/50% CAWI,3300,,,
Mexico,Online,1000,30,0.75,6.5,Spanish,,0.365,50% Online/50% CAWI,3300,,,
Mexico,Online,1500+,15,0.1,20.25,Spanish,,0.365,50% Online/50% CAWI,1650,,,
Mexico,Online,1500+,15,0.25,10.25,Spanish,,0.365,50% Online/50% CAWI,1650,,,
Mexico,Online,1500+,15,0.5,6.5,Spanish,,0.365,50% Online/50% CAWI,1650,,,
Mexico,Online,1500+,15,0.75,4,Spanish,,0.365,50% Online/50% CAWI,1650,,,
Mexico,Online,1500+,20,0.1,21,Spanish,,0.365,50% Online/50% CAWI,2200,,,
Mexico,Online,1500+,20,0.25,11,Spanish,,0.365,50% Online/50% CAWI,2200,,,
Mexico,Online,1500+,20,0.5,7.25,Spanish,,0.365,50% Online/50% CAWI,2200,,,
Mexico,Online,1500+,20,0.75,4,Spanish,,0.365,50% Online/50% CAWI,2200,,,
Mexico,Online,1500+,25,0.1,21.75,Spanish,,0.365,50% Online/50% CAWI,2750,,,
Mexico,Online,1500+,25,0.25,11.75,Spanish,,0.365,50% Online/50% CAWI,2750,,,
Mexico,Online,1500+,25,0.5,8,Spanish,,0.365,50% Online/50% CAWI,2750,,,
Mexico,Online,1500+,25,0.75,4.75,Spanish,,0.365,50% Online/50% CAWI,2750,,,
Mexico,Online,1500+,30,0.1,23.25,Spanish,,0.365,50% Online/50% CAWI,3300,,,
Mexico,Online,1500+,30,0.25,13.25,Spanish,,0.365,50% Online/50% CAWI,3300,,,
Mexico,Online,1500+,30,0.5,9.5,Spanish,,0.365,50% Online/50% CAWI,3300,,,
Mexico,Online,1500+,30,0.75,6.25,Spanish,,0.365,50% Online/50% CAWI,3300,,,
Netherlands,Online ,1000,15,0.38,6,Dutch,,0.929,100% Online,1800,,,
Netherlands,Online,1000,15,0.75,5,Dutch,,0.929,100% Online,1800,,,
Netherlands,Online ,1000,20,0.38,8,Dutch,,0.929,100% Online,2400,,,
Netherlands,Online ,1000,20,0.75,7,Dutch,,0.929,100% Online,2400,,,
Poland,Online,200,10,0.2,8.5,Polish,,0.649,100% Online,1200,,,
Poland,Online,200,10,0.35,6.5,Polish,,0.649,100% Online,1200,,,
Poland,Online,200,15,0.2,9,Polish,,0.649,100% Online,1775,,,
Poland,Online,200,15,0.35,7,Polish,,0.649,100% Online,1775,,,
Poland,Online ,1500+,15,0.13,16,Polish,,0.649,100% Online,1775,,,
Poland,Online,1500+,15,0.25,7.5,Polish,,0.649,100% Online,1775,,,
Poland,Online ,1500+,20,0.13,18,Polish,,0.649,100% Online,2375,,,
Poland,Online ,1500+,20,0.25,9.5,Polish,,0.649,100% Online,2375,,,
Russia,Online,200,10,0.2,10.5,Russian,,0.477,75% Online/25% CAWI,1740,,,
Russia,Online,200,10,0.35,8,Russian,,0.477,75% Online/25% CAWI,1740,,,
Russia,Online,200,15,0.1,18,Russian,,0.477,75% Online/25% CAWI,1740,,,
Russia,Online,200,15,0.2,10.75,Russian,,0.477,75% Online/25% CAWI,1740,,,
Russia,Online,200,15,0.25,10.25,Russian,,0.477,75% Online/25% CAWI,1740,,,
Russia,Online,200,15,0.35,8.75,Russian,,0.477,75% Online/25% CAWI,1740,,,
Russia,Online,200,15,0.5,6.25,Russian,,0.477,75% Online/25% CAWI,1740,,,
Russia,Online,200,15,0.55,4.6,Russian,,0.477,75% Online/25% CAWI,1740,,,
Russia,Online,200,15,0.75,4,Russian,,0.477,75% Online/25% CAWI,1740,,,
Russia,Online,200,20,0.1,18.75,Russian,,0.477,75% Online/25% CAWI,2320,,,
Russia,Online,200,20,0.25,11,Russian,,0.477,75% Online/25% CAWI,2320,,,
Russia,Online,200,20,0.5,8.25,Russian,,0.477,75% Online/25% CAWI,2320,,,
Russia,Online,200,20,0.75,4,Russian,,0.477,75% Online/25% CAWI,2320,,,
Russia,Online,200,25,0.1,19.5,Russian,,0.477,75% Online/25% CAWI,2900,,,
Russia,Online,200,25,0.25,11.75,Russian,,0.477,75% Online/25% CAWI,2900,,,
Russia,Online,200,25,0.5,9,Russian,,0.477,75% Online/25% CAWI,2900,,,
Russia,Online,200,25,0.75,4.5,Russian,,0.477,75% Online/25% CAWI,2900,,,
Russia,Online,200,30,0.1,21,Russian,,0.477,75% Online/25% CAWI,3480,,,
Russia,Online,200,30,0.25,13.25,Russian,,0.477,75% Online/25% CAWI,3480,,,
Russia,Online,200,30,0.5,10,Russian,,0.477,75% Online/25% CAWI,3480,,,
Russia,Online,200,30,0.75,6,Russian,,0.477,75% Online/25% CAWI,3480,,,
Russia,Online,500,15,0.1,17.75,Russian,,0.477,75% Online/25% CAWI,1740,,,
Russia,Online,500,15,0.25,10,Russian,,0.477,75% Online/25% CAWI,1740,,,
Russia,Online,500,15,0.5,6,Russian,,0.477,75% Online/25% CAWI,1740,,,
Russia,Online,500,15,0.75,3.75,Russian,,0.477,75% Online/25% CAWI,1740,,,
Russia,Online,500,20,0.1,18.5,Russian,,0.477,75% Online/25% CAWI,2320,,,
Russia,Online,500,20,0.25,10.75,Russian,,0.477,75% Online/25% CAWI,2320,,,
Russia,Online,500,20,0.5,8,Russian,,0.477,75% Online/25% CAWI,2320,,,
Russia,Online,500,20,0.75,3.75,Russian,,0.477,75% Online/25% CAWI,2320,,,
Russia,Online,500,25,0.1,19.25,Russian,,0.477,75% Online/25% CAWI,2900,,,
Russia,Online,500,25,0.25,11.5,Russian,,0.477,75% Online/25% CAWI,2900,,,
Russia,Online,500,25,0.5,8.75,Russian,,0.477,75% Online/25% CAWI,2900,,,
Russia,Online,500,25,0.75,4.25,Russian,,0.477,75% Online/25% CAWI,2900,,,
Russia,Online,500,30,0.1,20.75,Russian,,0.477,75% Online/25% CAWI,3480,,,
Russia,Online,500,30,0.25,13,Russian,,0.477,75% Online/25% CAWI,3480,,,
Russia,Online,500,30,0.5,9.75,Russian,,0.477,75% Online/25% CAWI,3480,,,
Russia,Online,500,30,0.75,5.75,Russian,,0.477,75% Online/25% CAWI,3480,,,
Russia,Online,1000,15,0.1,17.5,Russian,,0.477,75% Online/25% CAWI,1740,,,
Russia,Online,1000,15,0.25,9.75,Russian,,0.477,75% Online/25% CAWI,1740,,,
Russia,Online,1000,15,0.5,5.75,Russian,,0.477,75% Online/25% CAWI,1740,,,
Russia,Online,1000,15,0.75,3.5,Russian,,0.477,75% Online/25% CAWI,1740,,,
Russia,Online,1000,20,0.1,18.25,Russian,,0.477,75% Online/25% CAWI,2320,,,
Russia,Online,1000,20,0.25,10.5,Russian,,0.477,75% Online/25% CAWI,2320,,,
Russia,Online,1000,20,0.5,7.75,Russian,,0.477,75% Online/25% CAWI,2320,,,
Russia,Online,1000,20,0.75,3.5,Russian,,0.477,75% Online/25% CAWI,2320,,,
Russia,Online,1000,25,0.1,19,Russian,,0.477,75% Online/25% CAWI,2900,,,
Russia,Online,1000,25,0.25,11.25,Russian,,0.477,75% Online/25% CAWI,2900,,,
Russia,Online,1000,25,0.5,8.5,Russian,,0.477,75% Online/25% CAWI,2900,,,
Russia,Online,1000,25,0.75,4,Russian,,0.477,75% Online/25% CAWI,2900,,,
Russia,Online,1000,30,0.1,20.5,Russian,,0.477,75% Online/25% CAWI,3480,,,
Russia,Online,1000,30,0.25,12.75,Russian,,0.477,75% Online/25% CAWI,3480,,,
Russia,Online,1000,30,0.5,9.5,Russian,,0.477,75% Online/25% CAWI,3480,,,
Russia,Online,1000,30,0.75,5.5,Russian,,0.477,75% Online/25% CAWI,3480,,,
Russia,Online,1500+,15,0.1,17.25,Russian,,0.477,75% Online/25% CAWI,1740,,,
Russia,Online,1500+,15,0.25,8.25,Russian,,0.477,75% Online/25% CAWI,1740,,,
Russia,Online ,1500+,15,0.3,7.75,Russian,,0.477,75% Online/25% CAWI,1740,,,
Russia,Online,1500+,15,0.5,5.5,Russian,,0.477,75% Online/25% CAWI,1740,,,
Russia,Online,1500+,15,0.6,5,Russian,,0.477,75% Online/25% CAWI,1740,,,
Russia,Online,1500+,15,0.75,3.25,Russian,,0.477,75% Online/25% CAWI,1740,,,
Russia,Online,1500+,20,0.1,18,Russian,,0.477,75% Online/25% CAWI,2320,,,
Russia,Online,1500+,20,0.25,10.25,Russian,,0.477,75% Online/25% CAWI,2320,,,
Russia,Online ,1500+,20,0.3,9.75,Russian,,0.477,75% Online/25% CAWI,2320,,,
Russia,Online,1500+,20,0.5,7.5,Russian,,0.477,75% Online/25% CAWI,2320,,,
Russia,Online ,1500+,20,0.6,7,Russian,,0.477,75% Online/25% CAWI,2320,,,
Russia,Online,1500+,20,0.75,3.25,Russian,,0.477,75% Online/25% CAWI,2320,,,
Russia,Online,1500+,25,0.1,18.75,Russian,,0.477,75% Online/25% CAWI,2900,,,
Russia,Online,1500+,25,0.25,11,Russian,,0.477,75% Online/25% CAWI,2900,,,
Russia,Online,1500+,25,0.5,8.25,Russian,,0.477,75% Online/25% CAWI,2900,,,
Russia,Online,1500+,25,0.75,3.75,Russian,,0.477,75% Online/25% CAWI,2900,,,
Russia,Online,1500+,30,0.1,20.25,Russian,,0.477,75% Online/25% CAWI,3480,,,
Russia,Online,1500+,30,0.25,12.5,Russian,,0.477,75% Online/25% CAWI,3480,,,
Russia,Online,1500+,30,0.5,9.75,Russian,,0.477,75% Online/25% CAWI,3480,,,
Russia,Online,1500+,30,0.67,6.5,Russian,,0.477,75% Online/25% CAWI,3480,,,
Russia,Online,1500+,30,0.75,5.25,Russian,,0.477,75% Online/25% CAWI,3480,,,
South Africa,Online,200,10,0.2,10.75,English/Afrikaans,,0.174,50% Online/50% CAWI,1225,,,
South Africa,Online,200,10,0.35,8.75,English/Afrikaans,,0.174,50% Online/50% CAWI,1225,,,
South Africa,Online,200,15,0.2,11.25,English/Afrikaans,,0.174,50% Online/50% CAWI,1850,,,
South Africa,Online,200,15,0.35,9.25,English/Afrikaans,,0.174,50% Online/50% CAWI,1850,,,
South Korea,Online,200,15,0.1,18,Korean,,0.825,100% Online,2130,,,
South Korea,Online,200,15,0.25,9,Korean,,0.825,100% Online,2130,,,
South Korea,Online,200,15,0.5,5,Korean,,0.825,100% Online,2130,,,
South Korea,Online,200,15,0.55,4.75,Korean,,0.825,100% Online,2130,,,
South Korea,Online,200,15,0.75,4,Korean,,0.825,100% Online,2130,,,
South Korea,Online,200,20,0.1,18.75,Korean,,0.825,100% Online,2840,,,
South Korea,Online,200,20,0.25,9.75,Korean,,0.825,100% Online,2840,,,
South Korea,Online,200,20,0.5,5.75,Korean,,0.825,100% Online,2840,,,
South Korea,Online,200,20,0.75,4.5,Korean,,0.825,100% Online,2840,,,
South Korea,Online,200,25,0.1,19.5,Korean,,0.825,100% Online,3550,,,
South Korea,Online,200,25,0.25,10.5,Korean,,0.825,100% Online,3550,,,
South Korea,Online,200,25,0.5,6.5,Korean,,0.825,100% Online,3550,,,
South Korea,Online,200,25,0.75,5.25,Korean,,0.825,100% Online,3550,,,
South Korea,Online,200,30,0.1,21,Korean,,0.825,100% Online,4260,,,
South Korea,Online,200,30,0.25,12,Korean,,0.825,100% Online,4260,,,
South Korea,Online,200,30,0.5,8,Korean,,0.825,100% Online,4260,,,
South Korea,Online,200,30,0.75,6,Korean,,0.825,100% Online,4260,,,
South Korea,Online,500,15,0.1,17.75,Korean,,0.825,100% Online,2130,,,
South Korea,Online,500,15,0.25,8.75,Korean,,0.825,100% Online,2130,,,
South Korea,Online,500,15,0.5,4.75,Korean,,0.825,100% Online,2130,,,
South Korea,Online,500,15,0.75,4,Korean,,0.825,100% Online,2130,,,
South Korea,Online,500,20,0.1,18.5,Korean,,0.825,100% Online,2840,,,
South Korea,Online,500,20,0.25,9.5,Korean,,0.825,100% Online,2840,,,
South Korea,Online,500,20,0.5,5.5,Korean,,0.825,100% Online,2840,,,
South Korea,Online,500,20,0.75,4.25,Korean,,0.825,100% Online,2840,,,
South Korea,Online,500,25,0.1,19.25,Korean,,0.825,100% Online,3550,,,
South Korea,Online,500,25,0.25,10.25,Korean,,0.825,100% Online,3550,,,
South Korea,Online,500,25,0.5,6.25,Korean,,0.825,100% Online,3550,,,
South Korea,Online,500,25,0.75,5,Korean,,0.825,100% Online,3550,,,
South Korea,Online,500,30,0.1,20.75,Korean,,0.825,100% Online,4260,,,
South Korea,Online,500,30,0.25,11.75,Korean,,0.825,100% Online,4260,,,
South Korea,Online,500,30,0.5,7.75,Korean,,0.825,100% Online,4260,,,
South Korea,Online,500,30,0.75,5.75,Korean,,0.825,100% Online,4260,,,
South Korea,Online,1000,15,0.1,17.5,Korean,,0.825,100% Online,2130,,,
South Korea,Online,1000,15,0.25,8.5,Korean,,0.825,100% Online,2130,,,
South Korea,Online,1000,15,0.5,4.5,Korean,,0.825,100% Online,2130,,,
South Korea,Online,1000,15,0.75,3.75,Korean,,0.825,100% Online,2130,,,
South Korea,Online,1000,20,0.1,18.25,Korean,,0.825,100% Online,2840,,,
South Korea,Online,1000,20,0.25,9.25,Korean,,0.825,100% Online,2840,,,
South Korea,Online,1000,20,0.5,5.25,Korean,,0.825,100% Online,2840,,,
South Korea,Online,1000,20,0.75,4,Korean,,0.825,100% Online,2840,,,
South Korea,Online,1000,23,0.65,28,Korean,,0.825,100% Online,3200,,,
South Korea,Online,1000,25,0.1,19,Korean,,0.825,100% Online,3550,,,
South Korea,Online,1000,25,0.25,10,Korean,,0.825,100% Online,3550,,,
South Korea,Online,1000,25,0.5,6,Korean,,0.825,100% Online,3550,,,
South Korea,Online,1000,25,0.75,4.75,Korean,,0.825,100% Online,3550,,,
South Korea,Online,1000,30,0.1,20.5,Korean,,0.825,100% Online,4260,,,
South Korea,Online,1000,30,0.25,11.5,Korean,,0.825,100% Online,4260,,,
South Korea,Online,1000,30,0.5,7.5,Korean,,0.825,100% Online,4260,,,
South Korea,Online,1000,30,0.75,5.5,Korean,,0.825,100% Online,4260,,,
South Korea,Online,1500+,15,0.1,17.5,Korean,,0.825,100% Online,2130,,,
South Korea,Online,1500+,15,0.25,8.5,Korean,,0.825,100% Online,2130,,,
South Korea,Online,1500+,15,0.5,4.5,Korean,,0.825,100% Online,2130,,,
South Korea,Online,1500+,15,0.75,3.75,Korean,,0.825,100% Online,2130,,,
South Korea,Online,1500+,20,0.1,18.25,Korean,,0.825,100% Online,2840,,,
South Korea,Online,1500+,20,0.25,9.25,Korean,,0.825,100% Online,2840,,,
South Korea,Online,1500+,20,0.5,5.25,Korean,,0.825,100% Online,2840,,,
South Korea,Online,1500+,20,0.75,4,Korean,,0.825,100% Online,2840,,,
South Korea,Online,1500+,25,0.1,19,Korean,,0.825,100% Online,3550,,,
South Korea,Online,1500+,25,0.25,10,Korean,,0.825,100% Online,3550,,,
South Korea,Online,1500+,25,0.5,6,Korean,,0.825,100% Online,3550,,,
South Korea,Online,1500+,25,0.75,4.75,Korean,,0.825,100% Online,3550,,,
South Korea,Online,1500+,30,0.1,20.5,Korean,,0.825,100% Online,4260,,,
South Korea,Online,1500+,30,0.25,11.5,Korean,,0.825,100% Online,4260,,,
South Korea,Online,1500+,30,0.5,7.5,Korean,,0.825,100% Online,4260,,,
South Korea,Online,1500+,30,0.75,5.5,Korean,,0.825,100% Online,4260,,,
Spain,Online,200,15,0.1,12.5,Spanish,,0.672,100% Online,1650,,,
Spain,Online,200,15,0.25,8.5,Spanish,,0.672,100% Online,1650,,,
Spain,Online,200,15,0.5,5.1,Spanish,,0.672,100% Online,1650,,,
Spain,Online,200,15,0.55,4,Spanish,,0.672,100% Online,1650,,,
Spain,Online,200,15,0.75,4,Spanish,,0.672,100% Online,1650,,,
Spain,Online,200,20,0.1,13.25,Spanish,,0.672,100% Online,2200,,,
Spain,Online,200,20,0.25,9.25,Spanish,,0.672,100% Online,2200,,,
Spain,Online,200,20,0.5,5.85,Spanish,,0.672,100% Online,2200,,,
Spain,Online,200,20,0.75,4.75,Spanish,,0.672,100% Online,2200,,,
Spain,Online,200,25,0.1,14,Spanish,,0.672,100% Online,2750,,,
Spain,Online,200,25,0.25,10,Spanish,,0.672,100% Online,2750,,,
Spain,Online,200,25,0.5,6.6,Spanish,,0.672,100% Online,2750,,,
Spain,Online,200,25,0.75,5.5,Spanish,,0.672,100% Online,2750,,,
Spain,Online,200,30,0.1,15.5,Spanish,,0.672,100% Online,3300,,,
Spain,Online,200,30,0.25,11.5,Spanish,,0.672,100% Online,3300,,,
Spain,Online,200,30,0.5,8.1,Spanish,,0.672,100% Online,3300,,,
Spain,Online,200,30,0.75,7,Spanish,,0.672,100% Online,3300,,,
Spain,Online,275,10,0.1,8.25,Spanish,,0.672,100% Online,975,,,
Spain,Online,275,30,0.5,16.5,Spanish,,0.672,100% Online,3300,,,
Spain,Online,275,35,0.5,21.5,Spanish,,0.672,100% Online,3375,,,
Spain,Online,275,45,0.5,29,Spanish,,0.672,100% Online,4325,,,
Spain,Online,500,15,0.1,12.25,Spanish,,0.672,100% Online,1650,,,
Spain,Online,500,15,0.25,8.25,Spanish,,0.672,100% Online,1650,,,
Spain,Online,500,15,0.5,4.85,Spanish,,0.672,100% Online,1650,,,
Spain,Online,500,15,0.75,4,Spanish,,0.672,100% Online,1650,,,
Spain,Online,500,20,0.1,13,Spanish,,0.672,100% Online,2200,,,
Spain,Online,500,20,0.25,9,Spanish,,0.672,100% Online,2200,,,
Spain,Online,500,20,0.5,5.6,Spanish,,0.672,100% Online,2200,,,
Spain,Online,500,20,0.75,4.5,Spanish,,0.672,100% Online,2200,,,
Spain,Online,500,25,0.1,13.75,Spanish,,0.672,100% Online,2750,,,
Spain,Online,500,25,0.25,8.75,Spanish,,0.672,100% Online,2750,,,
Spain,Online,500,25,0.5,6.35,Spanish,,0.672,100% Online,2750,,,
Spain,Online,500,25,0.75,4.75,Spanish,,0.672,100% Online,2750,,,
Spain,Online,500,30,0.1,15.25,Spanish,,0.672,100% Online,3300,,,
Spain,Online,500,30,0.25,11.25,Spanish,,0.672,100% Online,3300,,,
Spain,Online,500,30,0.5,7.85,Spanish,,0.672,100% Online,3300,,,
Spain,Online,500,30,0.75,6.75,Spanish,,0.672,100% Online,3300,,,
Spain,Online,1000,15,0.1,12,Spanish,,0.672,100% Online,1650,,,
Spain,Online,1000,15,0.25,8,Spanish,,0.672,100% Online,1650,,,
Spain,Online,1000,15,0.5,4.6,Spanish,,0.672,100% Online,1650,,,
Spain,Online,1000,15,0.75,4,Spanish,,0.672,100% Online,1650,,,
Spain,Online,1000,20,0.1,12.75,Spanish,,0.672,100% Online,2200,,,
Spain,Online,1000,20,0.25,8.75,Spanish,,0.672,100% Online,2200,,,
Spain,Online,1000,20,0.5,5.35,Spanish,,0.672,100% Online,2200,,,
Spain,Online,1000,20,0.75,4.25,Spanish,,0.672,100% Online,2200,,,
Spain,Online,1000,25,0.1,13.5,Spanish,,0.672,100% Online,2750,,,
Spain,Online,1000,25,0.25,9.5,Spanish,,0.672,100% Online,2750,,,
Spain,Online,1000,25,0.5,6.1,Spanish,,0.672,100% Online,2750,,,
Spain,Online,1000,25,0.75,5,Spanish,,0.672,100% Online,2750,,,
Spain,Online,1000,30,0.1,15,Spanish,,0.672,100% Online,3300,,,
Spain,Online,1000,30,0.25,11,Spanish,,0.672,100% Online,3300,,,
Spain,Online,1000,30,0.5,7.6,Spanish,,0.672,100% Online,3300,,,
Spain,Online,1000,30,0.75,6.5,Spanish,,0.672,100% Online,3300,,,
Spain,Online,1500+,15,0.1,11.75,Spanish,,0.672,100% Online,1650,,,
Spain,Online ,1500+,15,0.12,10,Spanish,,0.672,100% Online,1650,,,
Spain,Online,1500+,15,0.25,7.5,Spanish,,0.672,100% Online,1650,,,
Spain,Online,1500+,15,0.5,4.35,Spanish,,0.672,100% Online,1650,,,
Spain,Online,1500+,15,0.75,4,Spanish,,0.672,100% Online,1650,,,
Spain,Online,1500+,20,0.1,12.5,Spanish,,0.672,100% Online,2200,,,
Spain,Online ,1500+,20,0.12,12,Spanish,,0.672,100% Online,2200,,,
Spain,Online ,1500+,20,0.25,9.5,Spanish,,0.672,100% Online,2200,,,
Spain,Online,1500+,20,0.5,5.15,Spanish,,0.672,100% Online,2200,,,
Spain,Online,1500+,20,0.75,4,Spanish,,0.672,100% Online,2200,,,
Spain,Online,1500+,25,0.1,13.25,Spanish,,0.672,100% Online,2750,,,
Spain,Online,1500+,25,0.25,9.25,Spanish,,0.672,100% Online,2750,,,
Spain,Online,1500+,25,0.5,5.9,Spanish,,0.672,100% Online,2750,,,
Spain,Online,1500+,25,0.75,4.75,Spanish,,0.672,100% Online,2750,,,
Spain,Online,1500+,30,0.1,14.75,Spanish,,0.672,100% Online,3300,,,
Spain,Online,1500+,30,0.25,10.75,Spanish,,0.672,100% Online,3300,,,
Spain,Online,1500+,30,0.5,7.4,Spanish,,0.672,100% Online,3300,,,
Spain,Online,1500+,30,0.75,6.25,Spanish,,0.672,100% Online,3300,,,
Sweden,Online ,1000,15,0.41,10,Swedish,,0.927,100% Online,1775,,,
Sweden,Online,1000,15,0.8,5,Swedish,,0.927,100% Online,1775,,,
Sweden,Online ,1000,20,0.41,12,Swedish,,0.927,100% Online,2375,,,
Sweden,Online ,1000,20,0.8,7,Swedish,,0.927,100% Online,2375,,,
Turkey,Online ,1500+,15,0.25,10,Turkish,,0.457,75% Online/25% CAWI,2000,,,
Turkey,Online,1500+,15,0.4,7.5,Turkish,,0.457,75% Online/25% CAWI,2000,,,
Turkey,Online ,1500+,20,0.25,12,Turkish,,0.457,75% Online/25% CAWI,2650,,,
Turkey,Online ,1500+,20,0.4,9.5,Turkish,,0.457,75% Online/25% CAWI,2650,,,
United Kingdom,Online ,150,35,0.1,18,English,,0.836,100% Online,500,,,
United Kingdom,Online,200,10,0.2,8.75,English,,0.836,100% Online,500,,,
United Kingdom,Online,200,10,0.35,6.75,English,,0.836,100% Online,500,,,
United Kingdom,Online,200,15,0.1,12.5,English,,0.836,100% Online,500,,,
United Kingdom,Online,200,15,0.2,9.25,English,,0.836,100% Online,500,,,
United Kingdom,Online,200,15,0.25,8.5,English,,0.836,100% Online,500,,,
United Kingdom,Online,200,15,0.35,7.25,English,,0.836,100% Online,500,,,
United Kingdom,Online,200,15,0.5,5.1,English,,0.836,100% Online,500,,,
United Kingdom,Online,200,15,0.55,4.6,English,,0.836,100% Online,500,,,
United Kingdom,Online,200,15,0.75,4,English,,0.836,100% Online,500,,,
United Kingdom,Online,200,20,0.1,13.25,English,,0.836,100% Online,500,,,
United Kingdom,Online,200,20,0.25,9.25,English,,0.836,100% Online,500,,,
United Kingdom,Online,200,20,0.5,6.5,English,,0.836,100% Online,500,,,
United Kingdom,Online,200,20,0.75,4.75,English,,0.836,100% Online,500,,,
United Kingdom,Online,200,25,0.1,14,English,,0.836,100% Online,500,,,
United Kingdom,Online,200,25,0.25,10,English,,0.836,100% Online,500,,,
United Kingdom,Online,200,25,0.5,6.6,English,,0.836,100% Online,500,,,
United Kingdom,Online,200,25,0.75,5.5,English,,0.836,100% Online,500,,,
United Kingdom,Online,200,30,0.1,15.5,English,,0.836,100% Online,500,,,
United Kingdom,Online,200,30,0.25,11.5,English,,0.836,100% Online,500,,,
United Kingdom,Online,200,30,0.5,8.1,English,,0.836,100% Online,500,,,
United Kingdom,Online,200,30,0.75,7,English,,0.836,100% Online,500,,,
United Kingdom,Online,375,10,0.1,7.75,English,,0.836,100% Online,500,,,
United Kingdom,Online,375,30,0.5,16,English,,0.836,100% Online,500,,,
United Kingdom,Online,375,35,0.5,21,English,,0.836,100% Online,500,,,
United Kingdom,Online,375,45,0.5,28,English,,0.836,100% Online,500,,,
United Kingdom,Online,500,15,0.1,12.25,English,,0.836,100% Online,500,,,
United Kingdom,Online,500,15,0.25,8.25,English,,0.836,100% Online,500,,,
United Kingdom,Online,500,15,0.5,4.85,English,,0.836,100% Online,500,,,
United Kingdom,Online,500,15,0.75,4,English,,0.836,100% Online,500,,,
United Kingdom,Online,500,20,0.1,13,English,,0.836,100% Online,500,,,
United Kingdom,Online,500,20,0.25,9,English,,0.836,100% Online,500,,,
United Kingdom,Online,500,20,0.5,6.25,English,,0.836,100% Online,500,,,
United Kingdom,Online,500,20,0.75,4.5,English,,0.836,100% Online,500,,,
United Kingdom,Online,500,25,0.1,13.75,English,,0.836,100% Online,500,,,
United Kingdom,Online,500,25,0.25,8.75,English,,0.836,100% Online,500,,,
United Kingdom,Online,500,25,0.5,6.35,English,,0.836,100% Online,500,,,
United Kingdom,Online,500,25,0.75,4.75,English,,0.836,100% Online,500,,,
United Kingdom,Online,500,30,0.1,15.25,English,,0.836,100% Online,500,,,
United Kingdom,Online,500,30,0.25,11.25,English,,0.836,100% Online,500,,,
United Kingdom,Online,500,30,0.5,7.85,English,,0.836,100% Online,500,,,
United Kingdom,Online,500,30,0.75,6.75,English,,0.836,100% Online,500,,,
United Kingdom,Online,600,25,0.8,5.25,English,,0.836,100% Online,500,,,
United Kingdom,Online,600,30,0.8,5.5,English,,0.836,100% Online,500,,,
United Kingdom,Online ,750,35,0.2,13,English,,0.836,100% Online,500,,,
United Kingdom,Online,1000,15,0.1,12,English,,0.836,100% Online,500,,,
United Kingdom,Online,1000,15,0.25,8,English,,0.836,100% Online,500,,,
United Kingdom,Online,1000,15,0.5,4.6,English,,0.836,100% Online,500,,,
United Kingdom,Online,1000,15,0.75,4,English,,0.836,100% Online,500,,,
United Kingdom,Online,1000,20,0.1,12.75,English,,0.836,100% Online,500,,,
United Kingdom,Online,1000,20,0.25,8.75,English,,0.836,100% Online,500,,,
United Kingdom,Online,1000,20,0.5,6,English,,0.836,100% Online,500,,,
United Kingdom,Online,1000,20,0.75,4.25,English,,0.836,100% Online,500,,,
United Kingdom,Online,1000,25,0.1,13.5,English,,0.836,100% Online,500,,,
United Kingdom,Online,1000,25,0.25,9.5,English,,0.836,100% Online,500,,,
United Kingdom,Online,1000,25,0.5,6.75,English,,0.836,100% Online,500,,,
United Kingdom,Online,1000,25,0.75,5,English,,0.836,100% Online,500,,,
United Kingdom,Online,1000,30,0.1,15,English,,0.836,100% Online,500,,,
United Kingdom,Online,1000,30,0.25,11,English,,0.836,100% Online,500,,,
United Kingdom,Online,1000,30,0.5,8.25,English,,0.836,100% Online,500,,,
United Kingdom,Online,1000,30,0.75,6.5,English,,0.836,100% Online,500,,,
United Kingdom,Online,1500+,15,0.1,11.75,English,,0.836,100% Online,500,,,
United Kingdom,Online ,1500+,15,0.23,8,English,,0.836,100% Online,500,,,
United Kingdom,Online,1500+,15,0.25,7.5,English,,0.836,100% Online,500,,,
United Kingdom,Online,1500+,15,0.4,5.5,English,,0.836,100% Online,500,,,
United Kingdom,Online,1500+,15,0.5,4.35,English,,0.836,100% Online,500,,,
United Kingdom,Online,1500+,15,0.75,4,English,,0.836,100% Online,500,,,
United Kingdom,Online,1500+,20,0.1,12.5,English,,0.836,100% Online,500,,,
United Kingdom,Online ,1500+,20,0.23,10,English,,0.836,100% Online,500,,,
United Kingdom,Online,1500+,20,0.25,9.25,English,,0.836,100% Online,500,,,
United Kingdom,Online ,1500+,20,0.4,5.5,English,,0.836,100% Online,500,,,
United Kingdom,Online,1500+,20,0.5,5.15,English,,0.836,100% Online,500,,,
United Kingdom,Online,1500+,20,0.75,4,English,,0.836,100% Online,500,,,
United Kingdom,Online,1500+,25,0.1,13.25,English,,0.836,100% Online,500,,,
United Kingdom,Online,1500+,25,0.25,9.25,English,,0.836,100% Online,500,,,
United Kingdom,Online,1500+,25,0.5,5.9,English,,0.836,100% Online,500,,,
United Kingdom,Online,1500+,25,0.75,4.75,English,,0.836,100% Online,500,,,
United Kingdom,Online,1500+,30,0.1,14.75,English,,0.836,100% Online,500,,,
United Kingdom,Online,1500+,30,0.25,10.75,English,,0.836,100% Online,500,,,
United Kingdom,Online,1500+,30,0.5,7.4,English,,0.836,100% Online,500,,,
United Kingdom,Online,1500+,30,0.75,5.5,English,,0.836,100% Online,500,,,
United Kingdom,Online ,1500+,35,0.2,12,English,,0.836,100% Online,500,,,
United States,Online,100,20,0.2,10,English,,0.781,100% Online,0,,,
United States,Online,100,30,0.1,15,English,,0.781,100% Online,0,,,
United States,Online,150,15,0.2,12.75,English,,0.781,100% Online,0,,,
United States,Online,150,20,0.1,14,English,,0.781,100% Online,0,,,
United States,Online,200,10,0.2,7,English,,0.781,100% Online,0,,,
United States,Online,200,10,0.35,5,English,,0.781,100% Online,0,,,
United States,Online,200,15,0.1,17,English,,0.781,100% Online,0,,,
United States,Online,200,15,0.2,7.5,English,,0.781,100% Online,0,,,
United States,Online,200,15,0.25,6.83,English,,0.781,100% Online,0,,,
United States,Online,200,15,0.35,5.5,English,,0.781,100% Online,0,,,
United States,Online,200,15,0.5,5.5,English,,0.781,100% Online,0,,,
United States,Online,200,15,0.55,4.2,English,,0.781,100% Online,0,,,
United States,Online,200,15,0.75,5.25,English,,0.781,100% Online,0,,,
United States,Online,200,20,0.1,16.5,English,,0.781,100% Online,0,,,
United States,Online,200,20,0.15,11,English,,0.781,100% Online,0,,,
United States,Online,200,20,0.25,7.58,English,,0.781,100% Online,0,,,
United States,Online,200,20,0.5,5.75,English,,0.781,100% Online,0,,,
United States,Online,200,20,0.75,6,English,,0.781,100% Online,0,,,
United States,Online,200,23,0.2,9,English,,0.781,100% Online,0,,,
United States,Online,200,23,0.5,6,English,,0.781,100% Online,0,,,
United States,Online,200,25,0.1,13,English,,0.781,100% Online,0,,,
United States,Online,200,25,0.25,8.33,English,,0.781,100% Online,0,,,
United States,Online,200,25,0.5,6.5,English,,0.781,100% Online,0,,,
United States,Online,200,25,0.75,6.75,English,,0.781,100% Online,0,,,
United States,Online,200,30,0.1,18.5,English,,0.781,100% Online,0,,,
United States,Online,200,30,0.25,11.75,English,,0.781,100% Online,0,,,
United States,Online,200,30,0.5,7.75,English,,0.781,100% Online,0,,,
United States,Online,200,30,0.75,8.25,English,,0.781,100% Online,0,,,
United States,Online,225,30,0.15,10,English,,0.781,100% Online,0,,,
United States,Online ,300,20,0.1,16.5,English,,0.781,100% Online,0,,,
United States,Online ,300,20,0.15,15,English,,0.781,100% Online,0,,,
United States,Online ,300,20,0.2,13,English,,0.781,100% Online,0,,,
United States,Online ,300,25,0.1,18,English,,0.781,100% Online,0,,,
United States,Online ,300,25,0.14,10,English,,0.781,100% Online,0,,,
United States,Online ,300,25,0.15,16.5,English,,0.781,100% Online,0,,,
United States,Online ,300,25,0.2,15,English,,0.781,100% Online,0,,,
United States,Online,350,20,0.3,6.5,English,,0.781,100% Online,0,,,
United States,Online ,400,18,0.7,5.25,English,,0.781,100% Online,0,,,
United States,Online,400,20,0.5,5.5,English,,0.781,100% Online,0,,,
United States,Online,400,20,0.6,5.25,English,,0.781,100% Online,0,,,
United States,Online ,400,23,0.7,5.25,English,,0.781,100% Online,0,,,
United States,Online,450,15,0.1,16.5,English,,0.781,100% Online,0,,,
United States,Online,450,15,0.2,8.75,English,,0.781,100% Online,0,,,
United States,Online,450,15,0.3,6.75,English,,0.781,100% Online,0,,,
United States,Online,450,20,0.1,17.5,English,,0.781,100% Online,0,,,
United States,Online,450,20,0.2,10.25,English,,0.781,100% Online,0,,,
United States,Online,450,20,0.3,8.25,English,,0.781,100% Online,0,,,
United States,Online,500,13,0.8,6.5,English,,0.781,100% Online,0,,,
United States,Online,500,15,0.1,16.5,English,,0.781,100% Online,0,,,
United States,Online,500,15,0.25,9,English,,0.781,100% Online,0,,,
United States,Online,500,15,0.3,5.5,English,,0.781,100% Online,0,,,
United States,Online,500,15,0.3,7,English,,0.781,100% Online,0,,,
United States,Online,500,15,0.4,5,English,,0.781,100% Online,0,,,
United States,Online,500,15,0.5,5,English,,0.781,100% Online,0,,,
United States,Online,500,15,0.75,4.75,English,,0.781,100% Online,0,,,
United States,Online,500,15,0.8,4,English,,0.781,100% Online,0,,,
United States,Online,500,20,0.1,16.25,English,,0.781,100% Online,0,,,
United States,Online,500,20,0.2,11,English,,0.781,100% Online,0,,,
United States,Online,500,20,0.25,10,English,,0.781,100% Online,0,,,
United States,Online,500,20,0.5,5.5,English,,0.781,100% Online,0,,,
United States,Online,500,20,0.75,5.5,English,,0.781,100% Online,0,,,
United States,Online,500,25,0.1,17.75,English,,0.781,100% Online,0,,,
United States,Online,500,25,0.25,11,English,,0.781,100% Online,0,,,
United States,Online,500,25,0.5,6.25,English,,0.781,100% Online,0,,,
United States,Online,500,25,0.75,5.5,English,,0.781,100% Online,0,,,
United States,Online,500,30,0.1,18.25,English,,0.781,100% Online,0,,,
United States,Online,500,30,0.25,11.5,English,,0.781,100% Online,0,,,
United States,Online,500,30,0.5,7.25,English,,0.781,100% Online,0,,,
United States,Online,500,30,0.75,7.75,English,,0.781,100% Online,0,,,
United States,Online,600,11,0.2,6.25,English,,0.781,100% Online,0,,,
United States,Online,600,15,0.6,3.25,English,,0.781,100% Online,0,,,
United States,Online,600,15,0.9,3,English,,0.781,100% Online,0,,,
United States,Online,600,18,0.4,6.25,English,,0.781,100% Online,0,,,
United States,Online,600,20,0.6,3.75,English,,0.781,100% Online,0,,,
United States,Online,600,20,0.9,3.5,English,,0.781,100% Online,0,,,
United States,Online,600,23,0.4,6.5,English,,0.781,100% Online,0,,,
United States,Online,600,23,0.4,5.75,English,,0.781,100% Online,0,,,
United States,Online,600,25,0.5,6.25,English,,0.781,100% Online,0,,,
United States,Online,600,25,0.6,4.5,English,,0.781,100% Online,0,,,
United States,Online,600,25,0.68,6,English,,0.781,100% Online,0,,,
United States,Online,600,25,0.9,4,English,,0.781,100% Online,0,,,
United States,Online,600,30,0.5,7.25,English,,0.781,100% Online,0,,,
United States,Online,600,30,0.68,7,English,,0.781,100% Online,0,,,
United States,Online,700,20,0.5,5,English,,0.781,100% Online,0,,,
United States,Online,800,18,0.4,6.25,English,,0.781,100% Online,0,,,
United States,Online,800,23,0.4,6.5,English,,0.781,100% Online,0,,,
United States,Online,900,25,0.8,3.75,English,,0.781,100% Online,0,,,
United States,Online,900,30,0.8,4,English,,0.781,100% Online,0,,,
United States,Online,1000,8,0.5,3.5,English,,0.781,100% Online,0,,,
United States,Online,1000,10,0.2,10.5,English,,0.781,100% Online,0,,,
United States,Online,1000,10,0.43,5,English,,0.781,100% Online,0,,,
United States,Online,1000,10,0.5,4.25,English,,0.781,100% Online,0,,,
United States,Online,1000,13,0.5,4.75,English,,0.781,100% Online,0,,,
United States,Online,1000,15,0.1,20,English,,0.781,100% Online,0,,,
United States,Online,1000,15,0.25,8.75,English,,0.781,100% Online,0,,,
United States,Online,1000,15,0.43,5.75,English,,0.781,100% Online,0,,,
United States,Online,1000,15,0.5,6.5,English,,0.781,100% Online,0,,,
United States,Online ,1000,15,0.6,4.5,English,,0.781,100% Online,0,,,
United States,Online,1000,15,0.75,4.5,English,,0.781,100% Online,0,,,
United States,Online,1000,20,0.1,21,English,,0.781,100% Online,0,,,
United States,Online,1000,20,0.25,9.75,English,,0.781,100% Online,0,,,
United States,Online,1000,20,0.3,11,English,,0.781,100% Online,0,,,
United States,Online,1000,20,0.5,7.5,English,,0.781,100% Online,0,,,
United States,Online,1000,20,0.6,4.5,English,,0.781,100% Online,0,,,
United States,Online,1000,20,0.75,5.25,English,,0.781,100% Online,0,,,
United States,Online,1000,23,0.4,5.5,English,,0.781,100% Online,0,,,
United States,Online,1000,25,0.1,17.5,English,,0.781,100% Online,0,,,
United States,Online,1000,25,0.25,10.75,English,,0.781,100% Online,0,,,
United States,Online,1000,25,0.5,6,English,,0.781,100% Online,0,,,
United States,Online,1000,25,0.6,5.5,English,,0.781,100% Online,0,,,
United States,Online,1000,25,0.75,5.25,English,,0.781,100% Online,0,,,
United States,Online,1000,25,0.8,16,English,,0.781,100% Online,0,,,
United States,Online,1000,30,0.1,18,English,,0.781,100% Online,0,,,
United States,Online,1000,30,0.2,10.5,English,,0.781,100% Online,0,,,
United States,Online,1000,30,0.25,11.25,English,,0.781,100% Online,0,,,
United States,Online,1000,30,0.3,8.75,English,,0.781,100% Online,0,,,
United States,Online,1000,30,0.5,7,English,,0.781,100% Online,0,,,
United States,Online ,1000,30,0.6,7.75,English,,0.781,100% Online,0,,,
United States,Online,1000,30,0.75,7.5,English,,0.781,100% Online,0,,,
United States,Online,1150,15,0.53,5.25,English,,0.781,100% Online,0,,,
United States,Online,1150,20,0.4,6.5,English,,0.781,100% Online,0,,,
United States,Online,1200,15,0.1,12,English,,0.781,100% Online,0,,,
United States,Online,1200,15,0.6,7,English,,0.781,100% Online,0,,,
United States,Online ,1200,18,0.7,5.25,English,,0.781,100% Online,0,,,
United States,Online ,1200,23,0.7,5.25,English,,0.781,100% Online,0,,,
United States,Online ,1200,28,0.7,7,English,,0.781,100% Online,0,,,
United States,Online,1600,18,0.45,12,English,,0.781,100% Online,0,,,
United States,Online,1600,23,0.45,13,English,,0.781,100% Online,0,,,
United States,Online,1750,20,0.3,8.5,English,,0.781,100% Online,0,,,
United States,Online,1750,25,0.3,10,English,,0.781,100% Online,0,,,
United States,Online,2000,15,0.9,3.25,English,,0.781,100% Online,0,,,
United States,Online,2000,20,0.6,4.75,English,,0.781,100% Online,0,,,
United States,Online,2000,20,0.9,3.5,English,,0.781,100% Online,0,,,
United States,Online,2000,25,0.6,5.75,English,,0.781,100% Online,0,,,
United States,Online,2000,30,0.8,4.5,English,,0.781,100% Online,0,,,
United States,Online,2500,25,0.4,8,English,,0.781,100% Online,0,,,
United States,Online,2500,25,0.6,7,English,,0.781,100% Online,0,,,
United States,Online,2500,35,0.4,10.25,English,,0.781,100% Online,0,,,
United States,Online,2500,35,0.6,9.25,English,,0.781,100% Online,0,,,
United States,Online,3000,15,0.15,9.5,English,,0.781,100% Online,0,,,
United States,Online,3000,20,0.3,7.5,English,,0.781,100% Online,0,,,
United States,Online,3000,25,0.3,9,English,,0.781,100% Online,0,,,
United States,Online,3500,20,0.3,8.5,English,,0.781,100% Online,0,,,
United States,Online,3500,25,0.3,10,English,,0.781,100% Online,0,,,
United States,Online,4000,15,0.3,7.25,English,,0.781,100% Online,0,,,
United States,Online,5000,15,0.3,5.35,English,,0.781,100% Online,0,,,
United States,Online,6000,15,0.2,8,English,,0.781,100% Online,0,,,
United States,Online,1500+,15,0.1,12,English,,0.781,100% Online,0,,,
United States,Online,1500+,15,0.25,8.5,English,,0.781,100% Online,0,,,
United States,Online,1500+,15,0.5,4.5,English,,0.781,100% Online,0,,,
United States,Online,1500+,15,0.75,4.25,English,,0.781,100% Online,0,,,
United States,Online,1500+,20,0.1,15.75,English,,0.781,100% Online,0,,,
United States,Online,1500+,20,0.25,9.5,English,,0.781,100% Online,0,,,
United States,Online,1500+,20,0.3,7.5,English,,0.781,100% Online,0,,,
United States,Online,1500+,20,0.4,6.5,English,,0.781,100% Online,0,,,
United States,Online,1500+,20,0.5,4.75,English,,0.781,100% Online,0,,,
United States,Online,1500+,20,0.75,5,English,,0.781,100% Online,0,,,
United States,Online,1500+,25,0.1,17.25,English,,0.781,100% Online,0,,,
United States,Online,1500+,25,0.25,10.5,English,,0.781,100% Online,0,,,
United States,Online,1500+,25,0.3,9,English,,0.781,100% Online,0,,,
United States,Online,1500+,25,0.5,5.75,English,,0.781,100% Online,0,,,
United States,Online,1500+,25,0.75,5,English,,0.781,100% Online,0,,,
United States,Online,1500+,30,0.1,17.75,English,,0.781,100% Online,0,,,
United States,Online,1500+,30,0.25,11,English,,0.781,100% Online,0,,,
United States,Online,1500+,30,0.5,6.75,English,,0.781,100% Online,0,,,
United States,Online,1500+,30,0.75,7.25,English,,0.781,100% Online,0,,,
United States,Online,1500+,35,0.75,8.5,English,,0.781,100% Online,0,,,
Venezuela,Online,200,10,0.2,10.5,Spanish,,0.41,75% Online/25% CAWI,975,,,
Venezuela,Online,200,10,0.35,8.5,Spanish,,0.41,75% Online/25% CAWI,975,,,
Venezuela,Online,200,15,0.2,11.25,Spanish,,0.41,75% Online/25% CAWI,1450,,,
Venezuela,Online,200,15,0.35,9.25,Spanish,,0.41,75% Online/25% CAWI,1450,,,
